"record_id","species","decimalLongitude","decimalLatitude","year","basisOfRecord","coordinateUncertaintyInMeters","eventDate","issue"
1,"Crotalus triseriatus",-110.003304,31.082701,1977,"PRESERVED_SPECIMEN",,"1977-09-21T00:00:00","COORDINATE_ROUNDED;TAXON_MATCH_HIGHERRANK;TYPE_STATUS_INVALID;OCCURRENCE_STATUS_INFERRED_FROM_INDIVIDUAL_COUNT;INSTITUTION_COLLECTION_MISMATCH;DIFFERENT_OWNER_INSTITUTION"
3,"Crotalus triseriatus",-109.316955,31.910274,1949,"PRESERVED_SPECIMEN",915,"1949-06-17T00:00:00","GEODETIC_DATUM_INVALID;GEODETIC_DATUM_ASSUMED_WGS84;OCCURRENCE_STATUS_INFERRED_FROM_INDIVIDUAL_COUNT;COLLECTION_MATCH_NONE;INSTITUTION_MATCH_FUZZY"
4,"Crotalus triseriatus",-109.225,30.591667,,"PRESERVED_SPECIMEN",,"","COORDINATE_ROUNDED;GEODETIC_DATUM_ASSUMED_WGS84;RECORDED_DATE_INVALID;TYPE_STATUS_INVALID;OCCURRENCE_STATUS_INFERRED_FROM_INDIVIDUAL_COUNT;INSTITUTION_MATCH_FUZZY;COLLECTION_MATCH_FUZZY"
5,"Crotalus triseriatus",-108.358333,30.091667,,"PRESERVED_SPECIMEN",,"","COORDINATE_ROUNDED;GEODETIC_DATUM_ASSUMED_WGS84;RECORDED_DATE_INVALID;TYPE_STATUS_INVALID;OCCURRENCE_STATUS_INFERRED_FROM_INDIVIDUAL_COUNT;AMBIGUOUS_COLLECTION;INSTITUTION_MATCH_NONE"
6,"Crotalus triseriatus",-108.341667,29.975,,"PRESERVED_SPECIMEN",,"","COORDINATE_ROUNDED;GEODETIC_DATUM_ASSUMED_WGS84;RECORDED_DATE_INVALID;ELEVATION_MIN_MAX_SWAPPED;TYPE_STATUS_INVALID;OCCURRENCE_STATUS_INFERRED_FROM_INDIVIDUAL_COUNT;AMBIGUOUS_COLLECTION;INSTITUTION_MATCH_NONE"
9,"Crotalus triseriatus",-108.308333,30.258333,,"PRESERVED_SPECIMEN",,"","COORDINATE_ROUNDED;GEODETIC_DATUM_ASSUMED_WGS84;RECORDED_DATE_INVALID;ELEVATION_MIN_MAX_SWAPPED;TYPE_STATUS_INVALID;OCCURRENCE_STATUS_INFERRED_FROM_INDIVIDUAL_COUNT;INSTITUTION_MATCH_NONE;COLLECTION_MATCH_FUZZY"
10,"Crotalus triseriatus",-108.2336994,29.73349049,1921,"PRESERVED_SPECIMEN",,"1921-12-25T00:00:00","COORDINATE_REPROJECTED;OCCURRENCE_STATUS_INFERRED_FROM_INDIVIDUAL_COUNT;INSTITUTION_COLLECTION_MISMATCH;DIFFERENT_OWNER_INSTITUTION"
11,"Crotalus triseriatus",-108.208333,28.708333,,"PRESERVED_SPECIMEN",,"","COORDINATE_ROUNDED;GEODETIC_DATUM_ASSUMED_WGS84;RECORDED_DATE_INVALID;TYPE_STATUS_INVALID;OCCURRENCE_STATUS_INFERRED_FROM_INDIVIDUAL_COUNT;AMBIGUOUS_COLLECTION;INSTITUTION_MATCH_FUZZY"
12,"Crotalus triseriatus",-107.641667,30.308333,,"PRESERVED_SPECIMEN",,"","COORDINATE_ROUNDED;GEODETIC_DATUM_ASSUMED_WGS84;RECORDED_DATE_INVALID;ELEVATION_MIN_MAX_SWAPPED;TYPE_STATUS_INVALID;OCCURRENCE_STATUS_INFERRED_FROM_INDIVIDUAL_COUNT;INSTITUTION_MATCH_NONE;COLLECTION_MATCH_FUZZY"
13,"Crotalus triseriatus",-107.5328362,27.02554169,1911,"PRESERVED_SPECIMEN",710,"1911-12-12T00:00:00","COORDINATE_REPROJECTED;TYPE_STATUS_INVALID;COLLECTION_MATCH_FUZZY;DIFFERENT_OWNER_INSTITUTION"
17,"Crotalus triseriatus",-107.491667,28.558333,,"PRESERVED_SPECIMEN",,"","COORDINATE_ROUNDED;GEODETIC_DATUM_ASSUMED_WGS84;RECORDED_DATE_INVALID;ELEVATION_MIN_MAX_SWAPPED;TYPE_STATUS_INVALID;OCCURRENCE_STATUS_INFERRED_FROM_INDIVIDUAL_COUNT;INSTITUTION_MATCH_NONE;COLLECTION_MATCH_FUZZY"
20,"Crotalus triseriatus",-107.308333,31.308333,,"PRESERVED_SPECIMEN",,"","COORDINATE_ROUNDED;GEODETIC_DATUM_ASSUMED_WGS84;RECORDED_DATE_INVALID;TYPE_STATUS_INVALID;OCCURRENCE_STATUS_INFERRED_FROM_INDIVIDUAL_COUNT;AMBIGUOUS_COLLECTION;INSTITUTION_MATCH_NONE"
21,"Crotalus triseriatus",-107.225,27.308333,,"PRESERVED_SPECIMEN",,"","COORDINATE_ROUNDED;GEODETIC_DATUM_ASSUMED_WGS84;RECORDED_DATE_INVALID;TYPE_STATUS_INVALID;OCCURRENCE_STATUS_INFERRED_FROM_INDIVIDUAL_COUNT;COLLECTION_MATCH_NONE;DIFFERENT_OWNER_INSTITUTION"
22,"Crotalus triseriatus",-106.975,26.108333,,"PRESERVED_SPECIMEN",,"","COORDINATE_ROUNDED;GEODETIC_DATUM_ASSUMED_WGS84;RECORDED_DATE_INVALID;TYPE_STATUS_INVALID;OCCURRENCE_STATUS_INFERRED_FROM_INDIVIDUAL_COUNT;INSTITUTION_MATCH_NONE;COLLECTION_MATCH_FUZZY"
23,"Crotalus triseriatus",-106.425,31.741667,1901,"PRESERVED_SPECIMEN",,"1901-11-23T00:00:00","COORDINATE_ROUNDED;GEODETIC_DATUM_ASSUMED_WGS84;TYPE_STATUS_INVALID;COLLECTION_MATCH_FUZZY;DIFFERENT_OWNER_INSTITUTION"
24,"Crotalus triseriatus",-106.075,28.641667,,"PRESERVED_SPECIMEN",,"","COORDINATE_ROUNDED;GEODETIC_DATUM_ASSUMED_WGS84;RECORDED_DATE_INVALID;TYPE_STATUS_INVALID;OCCURRENCE_STATUS_INFERRED_FROM_INDIVIDUAL_COUNT;AMBIGUOUS_COLLECTION;INSTITUTION_MATCH_NONE"
27,"Crotalus triseriatus",-104.775,22.508333,,"PRESERVED_SPECIMEN",,"","COORDINATE_ROUNDED;GEODETIC_DATUM_ASSUMED_WGS84;RECORDED_DATE_INVALID;TAXON_MATCH_HIGHERRANK;TYPE_STATUS_INVALID;OCCURRENCE_STATUS_INFERRED_FROM_INDIVIDUAL_COUNT;INSTITUTION_MATCH_NONE;COLLECTION_MATCH_FUZZY"
28,"Crotalus triseriatus",-104.712737,20.1727845,1892,"PRESERVED_SPECIMEN",1240,"1892-09-05T00:00:00","COORDINATE_REPROJECTED;ELEVATION_MIN_MAX_SWAPPED;TYPE_STATUS_INVALID;COLLECTION_MATCH_FUZZY;DIFFERENT_OWNER_INSTITUTION"
29,"Crotalus triseriatus",-104.375,21.058333,,"PRESERVED_SPECIMEN",,"","COORDINATE_ROUNDED;GEODETIC_DATUM_ASSUMED_WGS84;RECORDED_DATE_INVALID;TAXON_MATCH_HIGHERRANK;TYPE_STATUS_INVALID;OCCURRENCE_STATUS_INFERRED_FROM_INDIVIDUAL_COUNT;COLLECTION_MATCH_FUZZY;DIFFERENT_OWNER_INSTITUTION"
30,"Crotalus triseriatus",-104.3668992,20.95053,1950,"PRESERVED_SPECIMEN",,"1950-08-31T00:00:00","COORDINATE_ROUNDED;COORDINATE_REPROJECTED;COLLECTION_MATCH_FUZZY"
33,"Crotalus triseriatus",-104.058333,20.558333,,"PRESERVED_SPECIMEN",,"","COORDINATE_ROUNDED;GEODETIC_DATUM_ASSUMED_WGS84;RECORDED_DATE_INVALID;TAXON_MATCH_HIGHERRANK;TYPE_STATUS_INVALID;OCCURRENCE_STATUS_INFERRED_FROM_INDIVIDUAL_COUNT;INSTITUTION_MATCH_NONE;COLLECTION_MATCH_FUZZY"
34,"Crotalus triseriatus",-103.7702143,19.97057728,1976,"PRESERVED_SPECIMEN",,"1976-07-23T00:00:00","COORDINATE_REPROJECTED;TYPE_STATUS_INVALID;COLLECTION_MATCH_FUZZY"
36,"Crotalus triseriatus",-103.76,19.92,1982,"PRESERVED_SPECIMEN",,"1982-06-03T00:00:00","GEODETIC_DATUM_ASSUMED_WGS84;ELEVATION_MIN_MAX_SWAPPED;TYPE_STATUS_INVALID;OCCURRENCE_STATUS_INFERRED_FROM_INDIVIDUAL_COUNT;COLLECTION_MATCH_NONE;DIFFERENT_OWNER_INSTITUTION"
37,"Crotalus triseriatus",-103.75,19.96,1982,"PRESERVED_SPECIMEN",,"1982-06-02T00:00:00","GEODETIC_DATUM_ASSUMED_WGS84;ELEVATION_MIN_MAX_SWAPPED;TYPE_STATUS_INVALID;OCCURRENCE_STATUS_INFERRED_FROM_INDIVIDUAL_COUNT;COLLECTION_MATCH_NONE;DIFFERENT_OWNER_INSTITUTION"
38,"Crotalus triseriatus",-103.727501,20.11389,1990,"PRESERVED_SPECIMEN",,"1990-06-07T00:00:00","COORDINATE_ROUNDED;ELEVATION_MIN_MAX_SWAPPED;TYPE_STATUS_INVALID;OCCURRENCE_STATUS_INFERRED_FROM_INDIVIDUAL_COUNT;INSTITUTION_COLLECTION_MISMATCH;DIFFERENT_OWNER_INSTITUTION"
40,"Crotalus triseriatus",-103.7102134,20.09057192,1966,"PRESERVED_SPECIMEN",,"1966-08-28T00:00:00","COORDINATE_REPROJECTED;COLLECTION_MATCH_FUZZY"
41,"Crotalus triseriatus",-103.625,19.575,,"PRESERVED_SPECIMEN",,"","GEODETIC_DATUM_ASSUMED_WGS84;RECORDED_DATE_INVALID;TAXON_MATCH_HIGHERRANK;ELEVATION_MIN_MAX_SWAPPED;TYPE_STATUS_INVALID;OCCURRENCE_STATUS_INFERRED_FROM_INDIVIDUAL_COUNT;INSTITUTION_MATCH_FUZZY;COLLECTION_MATCH_FUZZY"
42,"Crotalus triseriatus",-103.5502072,19.45060239,1966,"PRESERVED_SPECIMEN",,"1966-07-15T00:00:00","COORDINATE_REPROJECTED;INSTITUTION_MATCH_FUZZY;COLLECTION_MATCH_FUZZY"
43,"Crotalus triseriatus",-103.4802056,19.46060216,1975,"PRESERVED_SPECIMEN",,"1975-06-26T00:00:00","COORDINATE_REPROJECTED;OCCURRENCE_STATUS_INFERRED_FROM_INDIVIDUAL_COUNT;AMBIGUOUS_INSTITUTION;COLLECTION_MATCH_NONE"
45,"Crotalus triseriatus",-103.3702034,19.54059878,1977,"PRESERVED_SPECIMEN",,"1977-09-01T00:00:00","COORDINATE_REPROJECTED;COLLECTION_MATCH_FUZZY"
46,"Crotalus triseriatus",-103.244621,30.118065,1974,"PRESERVED_SPECIMEN",10325,"1974-06-22T00:00:00","GEODETIC_DATUM_ASSUMED_WGS84;COUNTRY_COORDINATE_MISMATCH;TAXON_MATCH_HIGHERRANK;INSTITUTION_MATCH_FUZZY;INSTITUTION_COLLECTION_MISMATCH"
47,"Crotalus triseriatus",-102.66,21.73,1989,"PRESERVED_SPECIMEN",,"1989-08-27T00:00:00","GEODETIC_DATUM_ASSUMED_WGS84;TAXON_MATCH_HIGHERRANK;ELEVATION_MIN_MAX_SWAPPED;TYPE_STATUS_INVALID;OCCURRENCE_STATUS_INFERRED_FROM_INDIVIDUAL_COUNT;COLLECTION_MATCH_NONE;DIFFERENT_OWNER_INSTITUTION"
48,"Crotalus triseriatus",-102.375,19.341667,1914,"PRESERVED_SPECIMEN",,"1914-01-28T00:00:00","COORDINATE_ROUNDED;GEODETIC_DATUM_ASSUMED_WGS84;TYPE_STATUS_INVALID;COLLECTION_MATCH_FUZZY;DIFFERENT_OWNER_INSTITUTION"
54,"Crotalus triseriatus",-102.107417,19.425361,2003,"PRESERVED_SPECIMEN",,"2003-07-19T00:00:00","COORDINATE_ROUNDED;GEODETIC_DATUM_ASSUMED_WGS84;ELEVATION_MIN_MAX_SWAPPED;TYPE_STATUS_INVALID;OCCURRENCE_STATUS_INFERRED_FROM_INDIVIDUAL_COUNT;COLLECTION_MATCH_NONE;DIFFERENT_OWNER_INSTITUTION"
55,"Crotalus triseriatus",-101.958333,21.391667,1892,"PRESERVED_SPECIMEN",,"1892-10-31T00:00:00","COORDINATE_ROUNDED;GEODETIC_DATUM_ASSUMED_WGS84;TYPE_STATUS_INVALID;COLLECTION_MATCH_FUZZY;DIFFERENT_OWNER_INSTITUTION"
56,"Crotalus triseriatus",-101.852402,20.1308,1986,"PRESERVED_SPECIMEN",,"1986-12-05T00:00:00","COORDINATE_ROUNDED;TAXON_MATCH_HIGHERRANK;ELEVATION_MIN_MAX_SWAPPED;TYPE_STATUS_INVALID;OCCURRENCE_STATUS_INFERRED_FROM_INDIVIDUAL_COUNT;INSTITUTION_COLLECTION_MISMATCH;DIFFERENT_OWNER_INSTITUTION"
57,"Crotalus triseriatus",-101.638702,19.360701,1986,"PRESERVED_SPECIMEN",,"1986-03-27T00:00:00","COORDINATE_ROUNDED;TAXON_MATCH_HIGHERRANK;ELEVATION_MIN_MAX_SWAPPED;TYPE_STATUS_INVALID;OCCURRENCE_STATUS_INFERRED_FROM_INDIVIDUAL_COUNT;INSTITUTION_COLLECTION_MISMATCH;DIFFERENT_OWNER_INSTITUTION"
58,"Crotalus triseriatus",-101.625,19.458333,,"PRESERVED_SPECIMEN",,"","COORDINATE_ROUNDED;GEODETIC_DATUM_ASSUMED_WGS84;RECORDED_DATE_INVALID;TAXON_MATCH_HIGHERRANK;TYPE_STATUS_INVALID;OCCURRENCE_STATUS_INFERRED_FROM_INDIVIDUAL_COUNT;INSTITUTION_MATCH_FUZZY;COLLECTION_MATCH_FUZZY"
59,"Crotalus triseriatus",-101.46667,19.28333,1976,"PRESERVED_SPECIMEN",,"1976-08-01T00:00:00","COORDINATE_REPROJECTED;TAXON_MATCH_HIGHERRANK;INSTITUTION_COLLECTION_MISMATCH"
60,"Crotalus triseriatus",-101.408333,19.675,,"PRESERVED_SPECIMEN",,"","COORDINATE_ROUNDED;GEODETIC_DATUM_ASSUMED_WGS84;RECORDED_DATE_INVALID;TYPE_STATUS_INVALID;OCCURRENCE_STATUS_INFERRED_FROM_INDIVIDUAL_COUNT;INSTITUTION_MATCH_NONE;COLLECTION_MATCH_FUZZY"
61,"Crotalus triseriatus",-101.375,19.675,,"PRESERVED_SPECIMEN",,"","GEODETIC_DATUM_ASSUMED_WGS84;RECORDED_DATE_INVALID;TYPE_STATUS_INVALID;OCCURRENCE_STATUS_INFERRED_FROM_INDIVIDUAL_COUNT;INSTITUTION_MATCH_NONE;COLLECTION_MATCH_FUZZY"
69,"Crotalus triseriatus",-101.314003,19.573999,1986,"PRESERVED_SPECIMEN",,"1986-11-23T00:00:00","COORDINATE_ROUNDED;TAXON_MATCH_HIGHERRANK;ELEVATION_MIN_MAX_SWAPPED;TYPE_STATUS_INVALID;OCCURRENCE_STATUS_INFERRED_FROM_INDIVIDUAL_COUNT;INSTITUTION_COLLECTION_MISMATCH;DIFFERENT_OWNER_INSTITUTION"
70,"Crotalus triseriatus",-101.258333,21.025,,"PRESERVED_SPECIMEN",,"","COORDINATE_ROUNDED;GEODETIC_DATUM_ASSUMED_WGS84;RECORDED_DATE_INVALID;TYPE_STATUS_INVALID;OCCURRENCE_STATUS_INFERRED_FROM_INDIVIDUAL_COUNT;AMBIGUOUS_COLLECTION;INSTITUTION_MATCH_NONE"
74,"Crotalus triseriatus",-101.225,21.075,,"PRESERVED_SPECIMEN",,"","GEODETIC_DATUM_ASSUMED_WGS84;RECORDED_DATE_INVALID;TAXON_MATCH_HIGHERRANK;TYPE_STATUS_INVALID;OCCURRENCE_STATUS_INFERRED_FROM_INDIVIDUAL_COUNT;AMBIGUOUS_INSTITUTION;COLLECTION_MATCH_NONE"
75,"Crotalus triseriatus",-101.225,21.491667,,"PRESERVED_SPECIMEN",,"","COORDINATE_ROUNDED;GEODETIC_DATUM_ASSUMED_WGS84;RECORDED_DATE_INVALID;TYPE_STATUS_INVALID;OCCURRENCE_STATUS_INFERRED_FROM_INDIVIDUAL_COUNT;INSTITUTION_MATCH_NONE;COLLECTION_MATCH_NONE"
76,"Crotalus triseriatus",-101.2168288,21.06720584,1959,"PRESERVED_SPECIMEN",,"1959-08-04T00:00:00","COORDINATE_REPROJECTED;TAXON_MATCH_HIGHERRANK;AMBIGUOUS_INSTITUTION;AMBIGUOUS_COLLECTION"
77,"Crotalus triseriatus",-100.791667,19.625,,"PRESERVED_SPECIMEN",,"","COORDINATE_ROUNDED;GEODETIC_DATUM_ASSUMED_WGS84;RECORDED_DATE_INVALID;TAXON_MATCH_HIGHERRANK;TYPE_STATUS_INVALID;OCCURRENCE_STATUS_INFERRED_FROM_INDIVIDUAL_COUNT;INSTITUTION_MATCH_NONE;COLLECTION_MATCH_FUZZY"
78,"Crotalus triseriatus",-100.6601496,22.10049166,1987,"PRESERVED_SPECIMEN",,"1987-08-08T00:00:00","COORDINATE_REPROJECTED;OCCURRENCE_STATUS_INFERRED_FROM_INDIVIDUAL_COUNT;INSTITUTION_MATCH_FUZZY;INSTITUTION_COLLECTION_MISMATCH"
83,"Crotalus triseriatus",-100.640556,22.097778,1987,"PRESERVED_SPECIMEN",,"1987-07-08T00:00:00","COORDINATE_ROUNDED;ELEVATION_MIN_MAX_SWAPPED;TYPE_STATUS_INVALID;OCCURRENCE_STATUS_INFERRED_FROM_INDIVIDUAL_COUNT;COLLECTION_MATCH_NONE;INSTITUTION_MATCH_FUZZY"
86,"Crotalus triseriatus",-100.608597,22.0333,1988,"PRESERVED_SPECIMEN",,"1988-10-09T00:00:00","COORDINATE_ROUNDED;ELEVATION_MIN_MAX_SWAPPED;TYPE_STATUS_INVALID;OCCURRENCE_STATUS_INFERRED_FROM_INDIVIDUAL_COUNT;INSTITUTION_COLLECTION_MISMATCH;DIFFERENT_OWNER_INSTITUTION"
87,"Crotalus triseriatus",-100.608333,22.041667,,"PRESERVED_SPECIMEN",,"","COORDINATE_ROUNDED;GEODETIC_DATUM_ASSUMED_WGS84;RECORDED_DATE_INVALID;TYPE_STATUS_INVALID;OCCURRENCE_STATUS_INFERRED_FROM_INDIVIDUAL_COUNT;AMBIGUOUS_COLLECTION;INSTITUTION_MATCH_NONE"
95,"Crotalus triseriatus",-100.593613,22.051666,1975,"PRESERVED_SPECIMEN",,"1975-07-13T00:00:00","COORDINATE_ROUNDED;ELEVATION_MIN_MAX_SWAPPED;TYPE_STATUS_INVALID;OCCURRENCE_STATUS_INFERRED_FROM_INDIVIDUAL_COUNT;COLLECTION_MATCH_NONE;INSTITUTION_MATCH_FUZZY"
97,"Crotalus triseriatus",-100.550835,22.063055,1975,"PRESERVED_SPECIMEN",,"1975-07-08T00:00:00","COORDINATE_ROUNDED;ELEVATION_MIN_MAX_SWAPPED;TYPE_STATUS_INVALID;OCCURRENCE_STATUS_INFERRED_FROM_INDIVIDUAL_COUNT;COLLECTION_MATCH_NONE;INSTITUTION_MATCH_FUZZY"
98,"Crotalus triseriatus",-100.4878,21.343,2009,"PRESERVED_SPECIMEN",,"2009-06-07T00:00:00","COORDINATE_ROUNDED;ELEVATION_MIN_MAX_SWAPPED;TYPE_STATUS_INVALID;OCCURRENCE_STATUS_INFERRED_FROM_INDIVIDUAL_COUNT;INSTITUTION_COLLECTION_MISMATCH;DIFFERENT_OWNER_INSTITUTION"
100,"Crotalus triseriatus",-100.458333,20.708333,,"PRESERVED_SPECIMEN",,"","COORDINATE_ROUNDED;GEODETIC_DATUM_ASSUMED_WGS84;RECORDED_DATE_INVALID;TYPE_STATUS_INVALID;OCCURRENCE_STATUS_INFERRED_FROM_INDIVIDUAL_COUNT;INSTITUTION_MATCH_NONE;COLLECTION_MATCH_NONE"
101,"Crotalus triseriatus",-100.413611,22.668889,1996,"PRESERVED_SPECIMEN",,"1996-05-27T00:00:00","COORDINATE_ROUNDED;GEODETIC_DATUM_ASSUMED_WGS84;TYPE_STATUS_INVALID;OCCURRENCE_STATUS_INFERRED_FROM_INDIVIDUAL_COUNT;INSTITUTION_MATCH_NONE;COLLECTION_MATCH_NONE"
102,"Crotalus triseriatus",-100.345001,19.4564,1944,"PRESERVED_SPECIMEN",,"1944-03-13T00:00:00","COORDINATE_ROUNDED;TAXON_MATCH_HIGHERRANK;ELEVATION_MIN_MAX_SWAPPED;TYPE_STATUS_INVALID;OCCURRENCE_STATUS_INFERRED_FROM_INDIVIDUAL_COUNT;INSTITUTION_COLLECTION_MISMATCH;DIFFERENT_OWNER_INSTITUTION"
103,"Crotalus triseriatus",-100.337232,19.715178,2018,"HUMAN_OBSERVATION",20,"2018-05-05T17:28:00","COORDINATE_ROUNDED;GEODETIC_DATUM_ASSUMED_WGS84;INSTITUTION_MATCH_NONE;COLLECTION_MATCH_NONE"
104,"Crotalus triseriatus",-100.333917,19.550333,2005,"HUMAN_OBSERVATION",,"2005-06-28T00:00:00","COORDINATE_ROUNDED;GEODETIC_DATUM_ASSUMED_WGS84;ELEVATION_MIN_MAX_SWAPPED;TYPE_STATUS_INVALID;OCCURRENCE_STATUS_INFERRED_FROM_INDIVIDUAL_COUNT;INSTITUTION_MATCH_NONE;COLLECTION_MATCH_NONE"
106,"Crotalus triseriatus",-100.324639,19.543194,2005,"HUMAN_OBSERVATION",,"2005-06-27T00:00:00","COORDINATE_ROUNDED;GEODETIC_DATUM_ASSUMED_WGS84;ELEVATION_MIN_MAX_SWAPPED;TYPE_STATUS_INVALID;OCCURRENCE_STATUS_INFERRED_FROM_INDIVIDUAL_COUNT;INSTITUTION_MATCH_NONE;COLLECTION_MATCH_NONE"
111,"Crotalus triseriatus",-100.321417,19.504389,2005,"HUMAN_OBSERVATION",,"2005-06-24T00:00:00","COORDINATE_ROUNDED;GEODETIC_DATUM_ASSUMED_WGS84;ELEVATION_MIN_MAX_SWAPPED;TYPE_STATUS_INVALID;OCCURRENCE_STATUS_INFERRED_FROM_INDIVIDUAL_COUNT;INSTITUTION_MATCH_NONE;COLLECTION_MATCH_NONE"
113,"Crotalus triseriatus",-100.317889,19.509194,2005,"HUMAN_OBSERVATION",,"2005-06-24T00:00:00","COORDINATE_ROUNDED;GEODETIC_DATUM_ASSUMED_WGS84;ELEVATION_MIN_MAX_SWAPPED;TYPE_STATUS_INVALID;OCCURRENCE_STATUS_INFERRED_FROM_INDIVIDUAL_COUNT;INSTITUTION_MATCH_NONE;COLLECTION_MATCH_NONE"
115,"Crotalus triseriatus",-100.306549,19.681707,2016,"HUMAN_OBSERVATION",488,"2016-11-08T12:46:00","COORDINATE_ROUNDED;GEODETIC_DATUM_ASSUMED_WGS84;INSTITUTION_MATCH_NONE;COLLECTION_MATCH_NONE"
116,"Crotalus triseriatus",-100.302056,19.539583,2005,"HUMAN_OBSERVATION",,"2005-04-07T00:00:00","COORDINATE_ROUNDED;GEODETIC_DATUM_ASSUMED_WGS84;ELEVATION_MIN_MAX_SWAPPED;TYPE_STATUS_INVALID;OCCURRENCE_STATUS_INFERRED_FROM_INDIVIDUAL_COUNT;INSTITUTION_MATCH_NONE;COLLECTION_MATCH_NONE"
117,"Crotalus triseriatus",-100.30175,19.506194,2005,"HUMAN_OBSERVATION",,"2005-05-20T00:00:00","COORDINATE_ROUNDED;GEODETIC_DATUM_ASSUMED_WGS84;ELEVATION_MIN_MAX_SWAPPED;TYPE_STATUS_INVALID;OCCURRENCE_STATUS_INFERRED_FROM_INDIVIDUAL_COUNT;INSTITUTION_MATCH_NONE;COLLECTION_MATCH_NONE"
118,"Crotalus triseriatus",-100.288056,19.538056,2005,"HUMAN_OBSERVATION",,"2005-06-23T00:00:00","COORDINATE_ROUNDED;GEODETIC_DATUM_ASSUMED_WGS84;ELEVATION_MIN_MAX_SWAPPED;TYPE_STATUS_INVALID;OCCURRENCE_STATUS_INFERRED_FROM_INDIVIDUAL_COUNT;INSTITUTION_MATCH_NONE;COLLECTION_MATCH_NONE"
119,"Crotalus triseriatus",-100.287583,19.522556,2005,"HUMAN_OBSERVATION",,"2005-06-26T00:00:00","COORDINATE_ROUNDED;GEODETIC_DATUM_ASSUMED_WGS84;ELEVATION_MIN_MAX_SWAPPED;TYPE_STATUS_INVALID;OCCURRENCE_STATUS_INFERRED_FROM_INDIVIDUAL_COUNT;INSTITUTION_MATCH_NONE;COLLECTION_MATCH_NONE"
122,"Crotalus triseriatus",-100.280194,19.536722,2005,"HUMAN_OBSERVATION",,"2005-05-19T00:00:00","COORDINATE_ROUNDED;GEODETIC_DATUM_ASSUMED_WGS84;ELEVATION_MIN_MAX_SWAPPED;TYPE_STATUS_INVALID;OCCURRENCE_STATUS_INFERRED_FROM_INDIVIDUAL_COUNT;INSTITUTION_MATCH_NONE;COLLECTION_MATCH_NONE"
123,"Crotalus triseriatus",-100.271667,19.540833,2005,"HUMAN_OBSERVATION",,"2005-05-19T00:00:00","COORDINATE_ROUNDED;GEODETIC_DATUM_ASSUMED_WGS84;ELEVATION_MIN_MAX_SWAPPED;TYPE_STATUS_INVALID;OCCURRENCE_STATUS_INFERRED_FROM_INDIVIDUAL_COUNT;INSTITUTION_MATCH_NONE;COLLECTION_MATCH_NONE"
126,"Crotalus triseriatus",-100.265855,19.518853,2009,"HUMAN_OBSERVATION",488,"2009-06-10T00:00:00","COORDINATE_ROUNDED;GEODETIC_DATUM_ASSUMED_WGS84;INSTITUTION_MATCH_NONE;COLLECTION_MATCH_NONE"
127,"Crotalus triseriatus",-100.261972,19.534444,2005,"HUMAN_OBSERVATION",,"2005-04-16T00:00:00","COORDINATE_ROUNDED;GEODETIC_DATUM_ASSUMED_WGS84;ELEVATION_MIN_MAX_SWAPPED;TYPE_STATUS_INVALID;OCCURRENCE_STATUS_INFERRED_FROM_INDIVIDUAL_COUNT;INSTITUTION_MATCH_NONE;COLLECTION_MATCH_NONE"
128,"Crotalus triseriatus",-100.258778,19.515361,2004,"HUMAN_OBSERVATION",,"2004-08-26T00:00:00","COORDINATE_ROUNDED;GEODETIC_DATUM_ASSUMED_WGS84;ELEVATION_MIN_MAX_SWAPPED;TYPE_STATUS_INVALID;OCCURRENCE_STATUS_INFERRED_FROM_INDIVIDUAL_COUNT;INSTITUTION_MATCH_NONE;COLLECTION_MATCH_NONE"
129,"Crotalus triseriatus",-100.253806,19.525167,2005,"HUMAN_OBSERVATION",,"2005-05-17T00:00:00","COORDINATE_ROUNDED;GEODETIC_DATUM_ASSUMED_WGS84;ELEVATION_MIN_MAX_SWAPPED;TYPE_STATUS_INVALID;OCCURRENCE_STATUS_INFERRED_FROM_INDIVIDUAL_COUNT;INSTITUTION_MATCH_NONE;COLLECTION_MATCH_NONE"
130,"Crotalus triseriatus",-100.252556,19.548,2005,"HUMAN_OBSERVATION",,"2005-04-06T00:00:00","COORDINATE_ROUNDED;GEODETIC_DATUM_ASSUMED_WGS84;ELEVATION_MIN_MAX_SWAPPED;TYPE_STATUS_INVALID;OCCURRENCE_STATUS_INFERRED_FROM_INDIVIDUAL_COUNT;INSTITUTION_MATCH_NONE;COLLECTION_MATCH_NONE"
133,"Crotalus triseriatus",-100.251667,19.522222,2005,"HUMAN_OBSERVATION",,"2005-06-21T00:00:00","COORDINATE_ROUNDED;GEODETIC_DATUM_ASSUMED_WGS84;ELEVATION_MIN_MAX_SWAPPED;TYPE_STATUS_INVALID;OCCURRENCE_STATUS_INFERRED_FROM_INDIVIDUAL_COUNT;INSTITUTION_MATCH_NONE;COLLECTION_MATCH_NONE"
135,"Crotalus triseriatus",-100.244444,19.524722,2005,"HUMAN_OBSERVATION",,"2005-04-16T00:00:00","COORDINATE_ROUNDED;GEODETIC_DATUM_ASSUMED_WGS84;ELEVATION_MIN_MAX_SWAPPED;TYPE_STATUS_INVALID;OCCURRENCE_STATUS_INFERRED_FROM_INDIVIDUAL_COUNT;INSTITUTION_MATCH_NONE;COLLECTION_MATCH_NONE"
137,"Crotalus triseriatus",-100.241667,24.875,,"PRESERVED_SPECIMEN",,"","COORDINATE_ROUNDED;GEODETIC_DATUM_ASSUMED_WGS84;RECORDED_DATE_INVALID;TYPE_STATUS_INVALID;OCCURRENCE_STATUS_INFERRED_FROM_INDIVIDUAL_COUNT;AMBIGUOUS_COLLECTION;INSTITUTION_MATCH_FUZZY"
140,"Crotalus triseriatus",-100.228062,19.605363,2016,"HUMAN_OBSERVATION",,"2016-09-20T11:27:00","COORDINATE_ROUNDED;GEODETIC_DATUM_ASSUMED_WGS84;INSTITUTION_MATCH_NONE;COLLECTION_MATCH_NONE"
141,"Crotalus triseriatus",-100.224917,19.380306,2004,"PRESERVED_SPECIMEN",,"2004-09-17T00:00:00","COORDINATE_ROUNDED;GEODETIC_DATUM_ASSUMED_WGS84;ELEVATION_MIN_MAX_SWAPPED;TYPE_STATUS_INVALID;OCCURRENCE_STATUS_INFERRED_FROM_INDIVIDUAL_COUNT;COLLECTION_MATCH_NONE;DIFFERENT_OWNER_INSTITUTION"
144,"Crotalus triseriatus",-100.22175,19.483639,2005,"HUMAN_OBSERVATION",,"2005-04-17T00:00:00","COORDINATE_ROUNDED;GEODETIC_DATUM_ASSUMED_WGS84;ELEVATION_MIN_MAX_SWAPPED;TYPE_STATUS_INVALID;OCCURRENCE_STATUS_INFERRED_FROM_INDIVIDUAL_COUNT;INSTITUTION_MATCH_NONE;COLLECTION_MATCH_NONE"
145,"Crotalus triseriatus",-100.208278,19.506389,2005,"HUMAN_OBSERVATION",,"2005-06-20T00:00:00","COORDINATE_ROUNDED;GEODETIC_DATUM_ASSUMED_WGS84;ELEVATION_MIN_MAX_SWAPPED;TYPE_STATUS_INVALID;OCCURRENCE_STATUS_INFERRED_FROM_INDIVIDUAL_COUNT;INSTITUTION_MATCH_NONE;COLLECTION_MATCH_NONE"
146,"Crotalus triseriatus",-100.206159,19.57584,2013,"HUMAN_OBSERVATION",62,"2013-09-01T11:01:00","GEODETIC_DATUM_ASSUMED_WGS84;INSTITUTION_MATCH_NONE;COLLECTION_MATCH_NONE"
147,"Crotalus triseriatus",-100.201667,20.915833,1997,"PRESERVED_SPECIMEN",,"1997-08-12T00:00:00","COORDINATE_ROUNDED;GEODETIC_DATUM_ASSUMED_WGS84;TYPE_STATUS_INVALID;OCCURRENCE_STATUS_INFERRED_FROM_INDIVIDUAL_COUNT;INSTITUTION_MATCH_NONE;COLLECTION_MATCH_NONE"
148,"Crotalus triseriatus",-100.191667,19.458333,,"PRESERVED_SPECIMEN",,"","COORDINATE_ROUNDED;GEODETIC_DATUM_ASSUMED_WGS84;RECORDED_DATE_INVALID;TAXON_MATCH_HIGHERRANK;TYPE_STATUS_INVALID;OCCURRENCE_STATUS_INFERRED_FROM_INDIVIDUAL_COUNT;INSTITUTION_MATCH_FUZZY;COLLECTION_MATCH_FUZZY"
149,"Crotalus triseriatus",-100.180893,19.412202,2016,"HUMAN_OBSERVATION",488,"2016-08-25T11:50:00","COORDINATE_ROUNDED;GEODETIC_DATUM_ASSUMED_WGS84;INSTITUTION_MATCH_NONE;COLLECTION_MATCH_NONE"
150,"Crotalus triseriatus",-100.164703,20.6896,1995,"PRESERVED_SPECIMEN",,"1995-06-17T00:00:00","COORDINATE_ROUNDED;ELEVATION_MIN_MAX_SWAPPED;TYPE_STATUS_INVALID;OCCURRENCE_STATUS_INFERRED_FROM_INDIVIDUAL_COUNT;INSTITUTION_COLLECTION_MISMATCH;DIFFERENT_OWNER_INSTITUTION"
151,"Crotalus triseriatus",-100.129444,19.193333,1991,"PRESERVED_SPECIMEN",,"1991-05-25T00:00:00","COORDINATE_ROUNDED;GEODETIC_DATUM_ASSUMED_WGS84;ELEVATION_MIN_MAX_SWAPPED;TYPE_STATUS_INVALID;OCCURRENCE_STATUS_INFERRED_FROM_INDIVIDUAL_COUNT;INSTITUTION_MATCH_NONE;COLLECTION_MATCH_NONE"
152,"Crotalus triseriatus",-100.119444,20.623611,1976,"PRESERVED_SPECIMEN",,"1976-07-27T00:00:00","COORDINATE_ROUNDED;GEODETIC_DATUM_ASSUMED_WGS84;ELEVATION_MIN_MAX_SWAPPED;TYPE_STATUS_INVALID;OCCURRENCE_STATUS_INFERRED_FROM_INDIVIDUAL_COUNT;INSTITUTION_MATCH_FUZZY;COLLECTION_MATCH_FUZZY"
153,"Crotalus triseriatus",-100.108333,19.391667,,"PRESERVED_SPECIMEN",,"","COORDINATE_ROUNDED;GEODETIC_DATUM_ASSUMED_WGS84;RECORDED_DATE_INVALID;TYPE_STATUS_INVALID;OCCURRENCE_STATUS_INFERRED_FROM_INDIVIDUAL_COUNT;INSTITUTION_MATCH_NONE;COLLECTION_MATCH_NONE"
154,"Crotalus triseriatus",-100.091667,19.191667,1988,"PRESERVED_SPECIMEN",,"1988-09-07T00:00:00","COORDINATE_ROUNDED;GEODETIC_DATUM_ASSUMED_WGS84;TYPE_STATUS_INVALID;OCCURRENCE_STATUS_INFERRED_FROM_INDIVIDUAL_COUNT;INSTITUTION_MATCH_NONE;COLLECTION_MATCH_NONE"
155,"Crotalus triseriatus",-100.091667,19.39,1985,"PRESERVED_SPECIMEN",,"1985-06-09T00:00:00","COORDINATE_ROUNDED;GEODETIC_DATUM_ASSUMED_WGS84;TAXON_MATCH_HIGHERRANK;ELEVATION_MIN_MAX_SWAPPED;TYPE_STATUS_INVALID;OCCURRENCE_STATUS_INFERRED_FROM_INDIVIDUAL_COUNT;INSTITUTION_MATCH_NONE;COLLECTION_MATCH_NONE"
157,"Crotalus triseriatus",-100.06,19.375,1974,"PRESERVED_SPECIMEN",,"1974-01-01T00:00:00","GEODETIC_DATUM_ASSUMED_WGS84;TAXON_MATCH_HIGHERRANK;ELEVATION_MIN_MAX_SWAPPED;TYPE_STATUS_INVALID;OCCURRENCE_STATUS_INFERRED_FROM_INDIVIDUAL_COUNT;COLLECTION_MATCH_NONE;DIFFERENT_OWNER_INSTITUTION"
164,"Crotalus triseriatus",-100.046997,19.488899,1967,"PRESERVED_SPECIMEN",,"1967-03-24T00:00:00","COORDINATE_ROUNDED;TAXON_MATCH_HIGHERRANK;TYPE_STATUS_INVALID;OCCURRENCE_STATUS_INFERRED_FROM_INDIVIDUAL_COUNT;INSTITUTION_COLLECTION_MISMATCH;DIFFERENT_OWNER_INSTITUTION"
165,"Crotalus triseriatus",-100.0429,19.493299,1967,"PRESERVED_SPECIMEN",,"1967-04-20T00:00:00","COORDINATE_ROUNDED;TAXON_MATCH_HIGHERRANK;TYPE_STATUS_INVALID;OCCURRENCE_STATUS_INFERRED_FROM_INDIVIDUAL_COUNT;INSTITUTION_COLLECTION_MISMATCH;DIFFERENT_OWNER_INSTITUTION"
166,"Crotalus triseriatus",-100.041667,24.691667,,"PRESERVED_SPECIMEN",,"","COORDINATE_ROUNDED;GEODETIC_DATUM_ASSUMED_WGS84;RECORDED_DATE_INVALID;TYPE_STATUS_INVALID;OCCURRENCE_STATUS_INFERRED_FROM_INDIVIDUAL_COUNT;AMBIGUOUS_INSTITUTION;COLLECTION_MATCH_NONE"
168,"Crotalus triseriatus",-100.000441,19.248392,2013,"HUMAN_OBSERVATION",241,"2013-06-29T15:11:00","COORDINATE_ROUNDED;GEODETIC_DATUM_ASSUMED_WGS84;INSTITUTION_MATCH_NONE;COLLECTION_MATCH_NONE"
169,"Crotalus triseriatus",-99.944677,19.20958,2017,"HUMAN_OBSERVATION",2,"2017-09-14T07:59:00","COORDINATE_ROUNDED;GEODETIC_DATUM_ASSUMED_WGS84;INSTITUTION_MATCH_NONE;COLLECTION_MATCH_NONE"
170,"Crotalus triseriatus",-99.941667,19.975,1975,"PRESERVED_SPECIMEN",,"1975-12-21T00:00:00","COORDINATE_ROUNDED;GEODETIC_DATUM_ASSUMED_WGS84;TYPE_STATUS_INVALID;OCCURRENCE_STATUS_INFERRED_FROM_INDIVIDUAL_COUNT;INSTITUTION_MATCH_NONE;COLLECTION_MATCH_NONE"
171,"Crotalus triseriatus",-99.936389,19.483333,1967,"PRESERVED_SPECIMEN",,"1967-04-20T00:00:00","COORDINATE_ROUNDED;GEODETIC_DATUM_ASSUMED_WGS84;ELEVATION_MIN_MAX_SWAPPED;TYPE_STATUS_INVALID;OCCURRENCE_STATUS_INFERRED_FROM_INDIVIDUAL_COUNT;INSTITUTION_COLLECTION_MISMATCH;DIFFERENT_OWNER_INSTITUTION"
172,"Crotalus triseriatus",-99.935726,19.223521,2018,"HUMAN_OBSERVATION",,"2018-12-20T17:47:00","GEODETIC_DATUM_ASSUMED_WGS84;INSTITUTION_MATCH_NONE;COLLECTION_MATCH_NONE"
173,"Crotalus triseriatus",-99.922167,19.101333,2014,"HUMAN_OBSERVATION",,"2014-12-04T12:14:00","COORDINATE_ROUNDED;GEODETIC_DATUM_ASSUMED_WGS84;INSTITUTION_MATCH_NONE;COLLECTION_MATCH_NONE"
174,"Crotalus triseriatus",-99.897432,19.175852,2020,"HUMAN_OBSERVATION",61,"2020-10-23T08:14:00","COORDINATE_ROUNDED;GEODETIC_DATUM_ASSUMED_WGS84;INSTITUTION_MATCH_NONE;COLLECTION_MATCH_NONE"
175,"Crotalus triseriatus",-99.892282,19.201808,2013,"HUMAN_OBSERVATION",4,"2013-04-06T12:52:00","COORDINATE_ROUNDED;GEODETIC_DATUM_ASSUMED_WGS84;INSTITUTION_MATCH_NONE;COLLECTION_MATCH_NONE"
176,"Crotalus triseriatus",-99.868611,19.171667,1951,"PRESERVED_SPECIMEN",,"1951-08-18T00:00:00","COORDINATE_ROUNDED;GEODETIC_DATUM_ASSUMED_WGS84;ELEVATION_MIN_MAX_SWAPPED;TYPE_STATUS_INVALID;OCCURRENCE_STATUS_INFERRED_FROM_INDIVIDUAL_COUNT;AMBIGUOUS_COLLECTION;INSTITUTION_MATCH_FUZZY"
177,"Crotalus triseriatus",-99.863304,19.355736,2020,"HUMAN_OBSERVATION",,"2020-07-17T11:11:05","COORDINATE_ROUNDED;GEODETIC_DATUM_ASSUMED_WGS84;INSTITUTION_MATCH_NONE;COLLECTION_MATCH_NONE"
179,"Crotalus triseriatus",-99.85444,19.60472,1978,"PRESERVED_SPECIMEN",,"1978-10-14T00:00:00","GEODETIC_DATUM_ASSUMED_WGS84;TAXON_MATCH_HIGHERRANK;ELEVATION_MIN_MAX_SWAPPED;TYPE_STATUS_INVALID;OCCURRENCE_STATUS_INFERRED_FROM_INDIVIDUAL_COUNT;COLLECTION_MATCH_NONE;DIFFERENT_OWNER_INSTITUTION"
180,"Crotalus triseriatus",-99.849835,19.265696,2020,"HUMAN_OBSERVATION",698,"2020-04-07T10:21:17","COORDINATE_ROUNDED;GEODETIC_DATUM_ASSUMED_WGS84;INSTITUTION_MATCH_NONE;COLLECTION_MATCH_NONE"
181,"Crotalus triseriatus",-99.827202,20.0989,1972,"PRESERVED_SPECIMEN",,"1972-09-02T00:00:00","COORDINATE_ROUNDED;TAXON_MATCH_HIGHERRANK;TYPE_STATUS_INVALID;OCCURRENCE_STATUS_INFERRED_FROM_INDIVIDUAL_COUNT;INSTITUTION_COLLECTION_MISMATCH;DIFFERENT_OWNER_INSTITUTION"
183,"Crotalus triseriatus",-99.825,20.708333,,"PRESERVED_SPECIMEN",,"","COORDINATE_ROUNDED;GEODETIC_DATUM_ASSUMED_WGS84;RECORDED_DATE_INVALID;TYPE_STATUS_INVALID;OCCURRENCE_STATUS_INFERRED_FROM_INDIVIDUAL_COUNT;INSTITUTION_MATCH_NONE;COLLECTION_MATCH_NONE"
185,"Crotalus triseriatus",-99.824722,19.15,1951,"PRESERVED_SPECIMEN",,"1951-08-18T00:00:00","COORDINATE_ROUNDED;GEODETIC_DATUM_ASSUMED_WGS84;ELEVATION_MIN_MAX_SWAPPED;TYPE_STATUS_INVALID;OCCURRENCE_STATUS_INFERRED_FROM_INDIVIDUAL_COUNT;AMBIGUOUS_COLLECTION;INSTITUTION_MATCH_FUZZY"
186,"Crotalus triseriatus",-99.814722,20.694444,1948,"PRESERVED_SPECIMEN",,"1948-07-14T00:00:00","COORDINATE_ROUNDED;GEODETIC_DATUM_ASSUMED_WGS84;ELEVATION_MIN_MAX_SWAPPED;TYPE_STATUS_INVALID;OCCURRENCE_STATUS_INFERRED_FROM_INDIVIDUAL_COUNT;INSTITUTION_MATCH_FUZZY;COLLECTION_MATCH_FUZZY"
189,"Crotalus triseriatus",-99.808333,19.141667,,"PRESERVED_SPECIMEN",,"","COORDINATE_ROUNDED;GEODETIC_DATUM_ASSUMED_WGS84;RECORDED_DATE_INVALID;TAXON_MATCH_HIGHERRANK;ELEVATION_MIN_MAX_SWAPPED;TYPE_STATUS_INVALID;OCCURRENCE_STATUS_INFERRED_FROM_INDIVIDUAL_COUNT;AMBIGUOUS_COLLECTION;INSTITUTION_MATCH_FUZZY"
190,"Crotalus triseriatus",-99.806944,19.208333,1982,"PRESERVED_SPECIMEN",,"1982-05-01T00:00:00","COORDINATE_ROUNDED;GEODETIC_DATUM_ASSUMED_WGS84;TAXON_MATCH_HIGHERRANK;ELEVATION_MIN_MAX_SWAPPED;TYPE_STATUS_INVALID;OCCURRENCE_STATUS_INFERRED_FROM_INDIVIDUAL_COUNT;COLLECTION_MATCH_NONE;DIFFERENT_OWNER_INSTITUTION"
191,"Crotalus triseriatus",-99.802385,19.143816,2013,"HUMAN_OBSERVATION",31,"2013-04-26T13:57:00","COORDINATE_ROUNDED;GEODETIC_DATUM_ASSUMED_WGS84;INSTITUTION_MATCH_NONE;COLLECTION_MATCH_NONE"
192,"Crotalus triseriatus",-99.800919,19.357893,2013,"HUMAN_OBSERVATION",8,"2013-05-14T10:38:00","COORDINATE_ROUNDED;GEODETIC_DATUM_ASSUMED_WGS84;INSTITUTION_MATCH_NONE;COLLECTION_MATCH_NONE"
193,"Crotalus triseriatus",-99.80011825,19.12063033,,"PRESERVED_SPECIMEN",,"","COORDINATE_REPROJECTED;OCCURRENCE_STATUS_INFERRED_FROM_INDIVIDUAL_COUNT;INSTITUTION_MATCH_FUZZY;INSTITUTION_COLLECTION_MISMATCH"
195,"Crotalus triseriatus",-99.799459,19.349153,2013,"HUMAN_OBSERVATION",31,"2013-08-05T16:21:00","COORDINATE_ROUNDED;GEODETIC_DATUM_ASSUMED_WGS84;INSTITUTION_MATCH_NONE;COLLECTION_MATCH_NONE"
196,"Crotalus triseriatus",-99.787317,19.7375,2009,"PRESERVED_SPECIMEN",,"2009-07-22T00:00:00","COORDINATE_ROUNDED;ELEVATION_MIN_MAX_SWAPPED;TYPE_STATUS_INVALID;OCCURRENCE_STATUS_INFERRED_FROM_INDIVIDUAL_COUNT;INSTITUTION_MATCH_NONE;COLLECTION_MATCH_NONE"
197,"Crotalus triseriatus",-99.775,19.125,1940,"PRESERVED_SPECIMEN",,"1940-06-19T00:00:00","GEODETIC_DATUM_ASSUMED_WGS84;TAXON_MATCH_HIGHERRANK;TYPE_STATUS_INVALID;OCCURRENCE_STATUS_INFERRED_FROM_INDIVIDUAL_COUNT;AMBIGUOUS_COLLECTION;INSTITUTION_MATCH_FUZZY"
198,"Crotalus triseriatus",-99.771533,19.202504,2020,"HUMAN_OBSERVATION",30580,"2020-06-25T17:39:00","COORDINATE_ROUNDED;GEODETIC_DATUM_ASSUMED_WGS84;INSTITUTION_MATCH_NONE;COLLECTION_MATCH_NONE"
199,"Crotalus triseriatus",-99.766403,18.830299,1970,"PRESERVED_SPECIMEN",,"1970-09-06T00:00:00","COORDINATE_ROUNDED;TAXON_MATCH_HIGHERRANK;ELEVATION_MIN_MAX_SWAPPED;TYPE_STATUS_INVALID;OCCURRENCE_STATUS_INFERRED_FROM_INDIVIDUAL_COUNT;INSTITUTION_COLLECTION_MISMATCH;DIFFERENT_OWNER_INSTITUTION"
200,"Crotalus triseriatus",-99.754769,19.108565,2017,"HUMAN_OBSERVATION",206,"2017-07-30T00:01:00","COORDINATE_ROUNDED;GEODETIC_DATUM_ASSUMED_WGS84;INSTITUTION_MATCH_NONE;COLLECTION_MATCH_NONE"
202,"Crotalus triseriatus",-99.749974,19.399989,2020,"HUMAN_OBSERVATION",30580,"2020-05-06T15:51:56","COORDINATE_ROUNDED;GEODETIC_DATUM_ASSUMED_WGS84;INSTITUTION_MATCH_NONE;COLLECTION_MATCH_NONE"
203,"Crotalus triseriatus",-99.747609,19.200666,2013,"HUMAN_OBSERVATION",486,"2013-08-17T12:22:00","COORDINATE_ROUNDED;GEODETIC_DATUM_ASSUMED_WGS84;INSTITUTION_MATCH_NONE;COLLECTION_MATCH_NONE"
204,"Crotalus triseriatus",-99.740496,19.4498,2017,"HUMAN_OBSERVATION",31,"2017-02-15T15:25:00","COORDINATE_ROUNDED;GEODETIC_DATUM_ASSUMED_WGS84;INSTITUTION_MATCH_NONE;COLLECTION_MATCH_NONE"
205,"Crotalus triseriatus",-99.736506,19.368885,2020,"HUMAN_OBSERVATION",528,"2020-06-26T10:11:00","COORDINATE_ROUNDED;GEODETIC_DATUM_ASSUMED_WGS84;INSTITUTION_MATCH_NONE;COLLECTION_MATCH_NONE"
207,"Crotalus triseriatus",-99.734294,19.167363,2013,"HUMAN_OBSERVATION",31,"2013-07-04T12:30:00","COORDINATE_ROUNDED;GEODETIC_DATUM_ASSUMED_WGS84;INSTITUTION_MATCH_NONE;COLLECTION_MATCH_NONE"
208,"Crotalus triseriatus",-99.724083,19.230122,2013,"HUMAN_OBSERVATION",122,"2013-08-17T12:17:00","COORDINATE_ROUNDED;GEODETIC_DATUM_ASSUMED_WGS84;INSTITUTION_MATCH_NONE;COLLECTION_MATCH_NONE"
209,"Crotalus triseriatus",-99.721667,19.323611,1965,"PRESERVED_SPECIMEN",,"1965-09-01T00:00:00","COORDINATE_ROUNDED;GEODETIC_DATUM_ASSUMED_WGS84;RECORDED_DATE_INVALID;TAXON_MATCH_HIGHERRANK;ELEVATION_MIN_MAX_SWAPPED;TYPE_STATUS_INVALID;OCCURRENCE_STATUS_INFERRED_FROM_INDIVIDUAL_COUNT;AMBIGUOUS_COLLECTION;INSTITUTION_MATCH_FUZZY"
210,"Crotalus triseriatus",-99.718611,20.959444,,"PRESERVED_SPECIMEN",,"","COORDINATE_ROUNDED;GEODETIC_DATUM_ASSUMED_WGS84;RECORDED_DATE_INVALID;TYPE_STATUS_INVALID;OCCURRENCE_STATUS_INFERRED_FROM_INDIVIDUAL_COUNT;INSTITUTION_MATCH_NONE;COLLECTION_MATCH_FUZZY"
211,"Crotalus triseriatus",-99.713836,19.228119,2019,"HUMAN_OBSERVATION",60,"2019-10-19T21:21:27","COORDINATE_ROUNDED;GEODETIC_DATUM_ASSUMED_WGS84;INSTITUTION_MATCH_NONE;COLLECTION_MATCH_NONE"
212,"Crotalus triseriatus",-99.708908,19.31046,2019,"HUMAN_OBSERVATION",61,"2019-05-26T10:48:00","COORDINATE_ROUNDED;GEODETIC_DATUM_ASSUMED_WGS84;INSTITUTION_MATCH_NONE;COLLECTION_MATCH_NONE"
215,"Crotalus triseriatus",-99.705,19.3998,1967,"PRESERVED_SPECIMEN",,"1967-08-01T00:00:00","COORDINATE_ROUNDED;RECORDED_DATE_INVALID;ELEVATION_MIN_MAX_SWAPPED;TYPE_STATUS_INVALID;OCCURRENCE_STATUS_INFERRED_FROM_INDIVIDUAL_COUNT;INSTITUTION_COLLECTION_MISMATCH;DIFFERENT_OWNER_INSTITUTION"
221,"Crotalus triseriatus",-99.704949,19.311787,2019,"HUMAN_OBSERVATION",61,"2019-05-04T15:38:00","COORDINATE_ROUNDED;GEODETIC_DATUM_ASSUMED_WGS84;INSTITUTION_MATCH_NONE;COLLECTION_MATCH_NONE"
224,"Crotalus triseriatus",-99.695175,19.156389,2020,"HUMAN_OBSERVATION",10,"2020-08-13T12:06:00","COORDINATE_ROUNDED;GEODETIC_DATUM_ASSUMED_WGS84;INSTITUTION_MATCH_NONE;COLLECTION_MATCH_NONE"
225,"Crotalus triseriatus",-99.694444,19.408056,1998,"PRESERVED_SPECIMEN",,"1998-09-14T00:00:00","COORDINATE_ROUNDED;GEODETIC_DATUM_ASSUMED_WGS84;TAXON_MATCH_HIGHERRANK;ELEVATION_MIN_MAX_SWAPPED;TYPE_STATUS_INVALID;OCCURRENCE_STATUS_INFERRED_FROM_INDIVIDUAL_COUNT;COLLECTION_MATCH_NONE;DIFFERENT_OWNER_INSTITUTION"
226,"Crotalus triseriatus",-99.693936,19.333448,2019,"HUMAN_OBSERVATION",66,"2019-04-28T14:34:44","COORDINATE_ROUNDED;GEODETIC_DATUM_ASSUMED_WGS84;INSTITUTION_MATCH_NONE;COLLECTION_MATCH_NONE"
227,"Crotalus triseriatus",-99.691667,17.575,,"PRESERVED_SPECIMEN",,"","COORDINATE_ROUNDED;GEODETIC_DATUM_ASSUMED_WGS84;RECORDED_DATE_INVALID;TYPE_STATUS_INVALID;OCCURRENCE_STATUS_INFERRED_FROM_INDIVIDUAL_COUNT;AMBIGUOUS_COLLECTION;INSTITUTION_MATCH_NONE"
231,"Crotalus triseriatus",-99.690982,19.311286,2019,"HUMAN_OBSERVATION",6,"2019-09-05T13:20:00","COORDINATE_ROUNDED;GEODETIC_DATUM_ASSUMED_WGS84;INSTITUTION_MATCH_NONE;COLLECTION_MATCH_NONE"
232,"Crotalus triseriatus",-99.69011038,17.56070526,1936,"PRESERVED_SPECIMEN",,"1936-01-01T00:00:00","COORDINATE_REPROJECTED;TAXON_MATCH_HIGHERRANK;OCCURRENCE_STATUS_INFERRED_FROM_INDIVIDUAL_COUNT;INSTITUTION_COLLECTION_MISMATCH;DIFFERENT_OWNER_INSTITUTION"
236,"Crotalus triseriatus",-99.684654,19.17189,2018,"HUMAN_OBSERVATION",,"2018-07-18T12:52:16","COORDINATE_ROUNDED;GEODETIC_DATUM_ASSUMED_WGS84;INSTITUTION_MATCH_NONE;COLLECTION_MATCH_NONE"
237,"Crotalus triseriatus",-99.674588,19.289458,2018,"HUMAN_OBSERVATION",23,"2018-05-14T18:05:16","COORDINATE_ROUNDED;GEODETIC_DATUM_ASSUMED_WGS84;INSTITUTION_MATCH_NONE;COLLECTION_MATCH_NONE"
239,"Crotalus triseriatus",-99.671488,19.434802,2015,"HUMAN_OBSERVATION",250,"2015-01-25T00:00:00","GEODETIC_DATUM_ASSUMED_WGS84;INSTITUTION_MATCH_NONE;COLLECTION_MATCH_NONE"
240,"Crotalus triseriatus",-99.667778,18.961111,1998,"PRESERVED_SPECIMEN",,"1998-08-16T00:00:00","COORDINATE_ROUNDED;GEODETIC_DATUM_ASSUMED_WGS84;TAXON_MATCH_HIGHERRANK;ELEVATION_MIN_MAX_SWAPPED;TYPE_STATUS_INVALID;OCCURRENCE_STATUS_INFERRED_FROM_INDIVIDUAL_COUNT;COLLECTION_MATCH_NONE;DIFFERENT_OWNER_INSTITUTION"
241,"Crotalus triseriatus",-99.657222,19.312778,1974,"PRESERVED_SPECIMEN",,"1974-10-23T00:00:00","COORDINATE_ROUNDED;GEODETIC_DATUM_ASSUMED_WGS84;TAXON_MATCH_HIGHERRANK;ELEVATION_MIN_MAX_SWAPPED;TYPE_STATUS_INVALID;OCCURRENCE_STATUS_INFERRED_FROM_INDIVIDUAL_COUNT;COLLECTION_MATCH_NONE;DIFFERENT_OWNER_INSTITUTION"
242,"Crotalus triseriatus",-99.652948,19.213479,2020,"HUMAN_OBSERVATION",30580,"2020-06-11T13:37:00","COORDINATE_ROUNDED;GEODETIC_DATUM_ASSUMED_WGS84;INSTITUTION_MATCH_NONE;COLLECTION_MATCH_NONE"
243,"Crotalus triseriatus",-99.65,20.22,1978,"PRESERVED_SPECIMEN",,"1978-06-10T00:00:00","GEODETIC_DATUM_ASSUMED_WGS84;TAXON_MATCH_HIGHERRANK;ELEVATION_MIN_MAX_SWAPPED;TYPE_STATUS_INVALID;OCCURRENCE_STATUS_INFERRED_FROM_INDIVIDUAL_COUNT;COLLECTION_MATCH_NONE;DIFFERENT_OWNER_INSTITUTION"
244,"Crotalus triseriatus",-99.648397,18.634335,,"PRESERVED_SPECIMEN",3150,"","RECORDED_DATE_INVALID;TAXON_MATCH_HIGHERRANK;TYPE_STATUS_INVALID;OCCURRENCE_STATUS_INFERRED_FROM_INDIVIDUAL_COUNT;INSTITUTION_MATCH_NONE;COLLECTION_MATCH_NONE"
245,"Crotalus triseriatus",-99.641667,18.608333,1986,"PRESERVED_SPECIMEN",,"1986-06-20T00:00:00","COORDINATE_ROUNDED;GEODETIC_DATUM_ASSUMED_WGS84;TAXON_MATCH_HIGHERRANK;TYPE_STATUS_INVALID;OCCURRENCE_STATUS_INFERRED_FROM_INDIVIDUAL_COUNT;INSTITUTION_MATCH_NONE;COLLECTION_MATCH_NONE"
246,"Crotalus triseriatus",-99.641667,21.141667,,"PRESERVED_SPECIMEN",,"","COORDINATE_ROUNDED;GEODETIC_DATUM_ASSUMED_WGS84;RECORDED_DATE_INVALID;TYPE_STATUS_INVALID;OCCURRENCE_STATUS_INFERRED_FROM_INDIVIDUAL_COUNT;INSTITUTION_MATCH_NONE;COLLECTION_MATCH_NONE"
247,"Crotalus triseriatus",-99.624722,21.135556,1949,"PRESERVED_SPECIMEN",,"1949-08-17T00:00:00","COORDINATE_ROUNDED;GEODETIC_DATUM_ASSUMED_WGS84;ELEVATION_MIN_MAX_SWAPPED;TYPE_STATUS_INVALID;OCCURRENCE_STATUS_INFERRED_FROM_INDIVIDUAL_COUNT;INSTITUTION_MATCH_FUZZY;COLLECTION_MATCH_FUZZY"
248,"Crotalus triseriatus",-99.624722,21.275556,,"PRESERVED_SPECIMEN",,"","COORDINATE_ROUNDED;GEODETIC_DATUM_ASSUMED_WGS84;RECORDED_DATE_INVALID;ELEVATION_MIN_MAX_SWAPPED;TYPE_STATUS_INVALID;OCCURRENCE_STATUS_INFERRED_FROM_INDIVIDUAL_COUNT;INSTITUTION_MATCH_NONE;COLLECTION_MATCH_FUZZY"
249,"Crotalus triseriatus",-99.616667,19.158333,1998,"PRESERVED_SPECIMEN",,"1998-10-01T00:00:00","COORDINATE_ROUNDED;GEODETIC_DATUM_ASSUMED_WGS84;TAXON_MATCH_HIGHERRANK;ELEVATION_MIN_MAX_SWAPPED;TYPE_STATUS_INVALID;OCCURRENCE_STATUS_INFERRED_FROM_INDIVIDUAL_COUNT;COLLECTION_MATCH_NONE;DIFFERENT_OWNER_INSTITUTION"
251,"Crotalus triseriatus",-99.60477,18.599462,1986,"PRESERVED_SPECIMEN",1650,"1986-08-22T00:00:00","TAXON_MATCH_HIGHERRANK;TYPE_STATUS_INVALID;OCCURRENCE_STATUS_INFERRED_FROM_INDIVIDUAL_COUNT;INSTITUTION_MATCH_NONE;COLLECTION_MATCH_NONE"
253,"Crotalus triseriatus",-99.604444,19.178889,1983,"PRESERVED_SPECIMEN",,"1983-06-20T00:00:00","COORDINATE_ROUNDED;GEODETIC_DATUM_ASSUMED_WGS84;TYPE_STATUS_INVALID;OCCURRENCE_STATUS_INFERRED_FROM_INDIVIDUAL_COUNT;COLLECTION_MATCH_FUZZY;DIFFERENT_OWNER_INSTITUTION"
254,"Crotalus triseriatus",-99.600833,20.923056,1981,"PRESERVED_SPECIMEN",,"1981-05-02T00:00:00","COORDINATE_ROUNDED;GEODETIC_DATUM_ASSUMED_WGS84;TYPE_STATUS_INVALID;OCCURRENCE_STATUS_INFERRED_FROM_INDIVIDUAL_COUNT;COLLECTION_MATCH_NONE;DIFFERENT_OWNER_INSTITUTION"
256,"Crotalus triseriatus",-99.594778,19.241278,2020,"HUMAN_OBSERVATION",,"2020-06-19T15:32:00","GEODETIC_DATUM_ASSUMED_WGS84;INSTITUTION_MATCH_NONE;COLLECTION_MATCH_NONE"
257,"Crotalus triseriatus",-99.592222,19.103056,1972,"PRESERVED_SPECIMEN",,"1972-04-30T00:00:00","COORDINATE_ROUNDED;GEODETIC_DATUM_ASSUMED_WGS84;ELEVATION_MIN_MAX_SWAPPED;TYPE_STATUS_INVALID;OCCURRENCE_STATUS_INFERRED_FROM_INDIVIDUAL_COUNT;INSTITUTION_COLLECTION_MISMATCH;DIFFERENT_OWNER_INSTITUTION"
259,"Crotalus triseriatus",-99.582199,19.1031,1984,"PRESERVED_SPECIMEN",,"1984-01-08T00:00:00","COORDINATE_ROUNDED;TAXON_MATCH_HIGHERRANK;ELEVATION_MIN_MAX_SWAPPED;TYPE_STATUS_INVALID;OCCURRENCE_STATUS_INFERRED_FROM_INDIVIDUAL_COUNT;INSTITUTION_COLLECTION_MISMATCH;DIFFERENT_OWNER_INSTITUTION"
260,"Crotalus triseriatus",-99.580315,19.817658,2019,"HUMAN_OBSERVATION",31,"2019-07-25T19:46:00","COORDINATE_ROUNDED;GEODETIC_DATUM_ASSUMED_WGS84;INSTITUTION_MATCH_NONE;COLLECTION_MATCH_NONE"
261,"Crotalus triseriatus",-99.571944,20.941111,,"PRESERVED_SPECIMEN",,"","COORDINATE_ROUNDED;GEODETIC_DATUM_ASSUMED_WGS84;RECORDED_DATE_INVALID;TYPE_STATUS_INVALID;OCCURRENCE_STATUS_INFERRED_FROM_INDIVIDUAL_COUNT;INSTITUTION_MATCH_NONE;COLLECTION_MATCH_FUZZY"
262,"Crotalus triseriatus",-99.57071,19.182756,2020,"HUMAN_OBSERVATION",1,"2020-07-09T00:00:00","COORDINATE_ROUNDED;GEODETIC_DATUM_ASSUMED_WGS84;INSTITUTION_MATCH_NONE;COLLECTION_MATCH_NONE"
263,"Crotalus triseriatus",-99.56757,19.087694,1974,"PRESERVED_SPECIMEN",320,"1974-05-05T00:00:00","TAXON_MATCH_HIGHERRANK;TYPE_STATUS_INVALID;OCCURRENCE_STATUS_INFERRED_FROM_INDIVIDUAL_COUNT;INSTITUTION_MATCH_NONE;COLLECTION_MATCH_NONE"
264,"Crotalus triseriatus",-99.557198,19.218654,2020,"HUMAN_OBSERVATION",61,"2020-05-06T21:50:00","COORDINATE_ROUNDED;GEODETIC_DATUM_ASSUMED_WGS84;INSTITUTION_MATCH_NONE;COLLECTION_MATCH_NONE"
265,"Crotalus triseriatus",-99.546699,20.915899,1979,"PRESERVED_SPECIMEN",,"1979-05-14T00:00:00","COORDINATE_ROUNDED;ELEVATION_MIN_MAX_SWAPPED;TYPE_STATUS_INVALID;OCCURRENCE_STATUS_INFERRED_FROM_INDIVIDUAL_COUNT;INSTITUTION_COLLECTION_MISMATCH;DIFFERENT_OWNER_INSTITUTION"
267,"Crotalus triseriatus",-99.542431,19.691132,2011,"HUMAN_OBSERVATION",154,"2011-05-06T00:00:00","COORDINATE_ROUNDED;GEODETIC_DATUM_ASSUMED_WGS84;INSTITUTION_MATCH_NONE;COLLECTION_MATCH_NONE"
269,"Crotalus triseriatus",-99.539985,19.423701,2020,"HUMAN_OBSERVATION",7675,"2020-05-03T11:09:00","COORDINATE_ROUNDED;GEODETIC_DATUM_ASSUMED_WGS84;INSTITUTION_MATCH_NONE;COLLECTION_MATCH_NONE"
270,"Crotalus triseriatus",-99.511927,19.392281,2018,"HUMAN_OBSERVATION",2,"2018-07-02T17:13:00","COORDINATE_ROUNDED;GEODETIC_DATUM_ASSUMED_WGS84;INSTITUTION_MATCH_NONE;COLLECTION_MATCH_NONE"
273,"Crotalus triseriatus",-99.508694,19.336869,2019,"HUMAN_OBSERVATION",6,"2019-06-26T13:16:50","COORDINATE_ROUNDED;GEODETIC_DATUM_ASSUMED_WGS84;INSTITUTION_MATCH_NONE;COLLECTION_MATCH_NONE"
274,"Crotalus triseriatus",-99.508333,17.558333,,"PRESERVED_SPECIMEN",,"","COORDINATE_ROUNDED;GEODETIC_DATUM_ASSUMED_WGS84;RECORDED_DATE_INVALID;TYPE_STATUS_INVALID;OCCURRENCE_STATUS_INFERRED_FROM_INDIVIDUAL_COUNT;INSTITUTION_MATCH_NONE;COLLECTION_MATCH_FUZZY"
276,"Crotalus triseriatus",-99.50093892,17.55209526,1942,"PRESERVED_SPECIMEN",2293,"1942-08-01T00:00:00","COORDINATE_ROUNDED;COORDINATE_REPROJECTED;OCCURRENCE_STATUS_INFERRED_FROM_INDIVIDUAL_COUNT;COLLECTION_MATCH_NONE;INSTITUTION_MATCH_FUZZY"
277,"Crotalus triseriatus",-99.494722,19.284444,1981,"PRESERVED_SPECIMEN",,"1981-06-18T00:00:00","COORDINATE_ROUNDED;GEODETIC_DATUM_ASSUMED_WGS84;TAXON_MATCH_HIGHERRANK;TYPE_STATUS_INVALID;OCCURRENCE_STATUS_INFERRED_FROM_INDIVIDUAL_COUNT;COLLECTION_MATCH_NONE;DIFFERENT_OWNER_INSTITUTION"
278,"Crotalus triseriatus",-99.486515,19.542817,2004,"HUMAN_OBSERVATION",1000,"2004-06-20T00:00:00","COORDINATE_ROUNDED;GEODETIC_DATUM_ASSUMED_WGS84;INSTITUTION_MATCH_NONE;COLLECTION_MATCH_NONE"
280,"Crotalus triseriatus",-99.475536,19.585992,2015,"HUMAN_OBSERVATION",500,"2015-10-04T00:00:00","GEODETIC_DATUM_ASSUMED_WGS84;INSTITUTION_MATCH_NONE;COLLECTION_MATCH_NONE"
281,"Crotalus triseriatus",-99.472644,19.62137,2016,"HUMAN_OBSERVATION",6643,"2016-03-12T17:57:00","COORDINATE_ROUNDED;GEODETIC_DATUM_ASSUMED_WGS84;INSTITUTION_MATCH_NONE;COLLECTION_MATCH_NONE"
282,"Crotalus triseriatus",-99.469722,19.723611,1974,"PRESERVED_SPECIMEN",,"1974-04-11T00:00:00","COORDINATE_ROUNDED;GEODETIC_DATUM_ASSUMED_WGS84;ELEVATION_MIN_MAX_SWAPPED;TYPE_STATUS_INVALID;OCCURRENCE_STATUS_INFERRED_FROM_INDIVIDUAL_COUNT;INSTITUTION_COLLECTION_MISMATCH;DIFFERENT_OWNER_INSTITUTION"
283,"Crotalus triseriatus",-99.463302,19.7278,1974,"PRESERVED_SPECIMEN",,"1974-04-11T00:00:00","COORDINATE_ROUNDED;TAXON_MATCH_HIGHERRANK;TYPE_STATUS_INVALID;OCCURRENCE_STATUS_INFERRED_FROM_INDIVIDUAL_COUNT;INSTITUTION_COLLECTION_MISMATCH;DIFFERENT_OWNER_INSTITUTION"
285,"Crotalus triseriatus",-99.461316,19.362241,2019,"HUMAN_OBSERVATION",9,"2019-08-15T09:29:07","COORDINATE_ROUNDED;GEODETIC_DATUM_ASSUMED_WGS84;INSTITUTION_MATCH_NONE;COLLECTION_MATCH_NONE"
286,"Crotalus triseriatus",-99.454677,19.247467,2020,"HUMAN_OBSERVATION",,"2020-03-08T00:00:00","COORDINATE_ROUNDED;GEODETIC_DATUM_ASSUMED_WGS84;INSTITUTION_MATCH_NONE;COLLECTION_MATCH_NONE"
293,"Crotalus triseriatus",-99.444444,21.285833,,"PRESERVED_SPECIMEN",,"","COORDINATE_ROUNDED;GEODETIC_DATUM_ASSUMED_WGS84;RECORDED_DATE_INVALID;ELEVATION_MIN_MAX_SWAPPED;TYPE_STATUS_INVALID;OCCURRENCE_STATUS_INFERRED_FROM_INDIVIDUAL_COUNT;INSTITUTION_MATCH_NONE;COLLECTION_MATCH_FUZZY"
294,"Crotalus triseriatus",-99.431711,19.363435,2019,"HUMAN_OBSERVATION",,"2019-07-09T16:21:26","COORDINATE_ROUNDED;GEODETIC_DATUM_ASSUMED_WGS84;INSTITUTION_MATCH_NONE;COLLECTION_MATCH_NONE"
295,"Crotalus triseriatus",-99.425215,19.632331,2013,"HUMAN_OBSERVATION",4,"2013-05-20T01:14:00","COORDINATE_ROUNDED;GEODETIC_DATUM_ASSUMED_WGS84;INSTITUTION_MATCH_NONE;COLLECTION_MATCH_NONE"
296,"Crotalus triseriatus",-99.425,19.602778,1982,"PRESERVED_SPECIMEN",,"1982-05-13T00:00:00","COORDINATE_ROUNDED;GEODETIC_DATUM_ASSUMED_WGS84;TAXON_MATCH_HIGHERRANK;TYPE_STATUS_INVALID;OCCURRENCE_STATUS_INFERRED_FROM_INDIVIDUAL_COUNT;COLLECTION_MATCH_NONE;DIFFERENT_OWNER_INSTITUTION"
297,"Crotalus triseriatus",-99.423132,19.310629,2016,"HUMAN_OBSERVATION",31,"2016-10-17T14:11:00","COORDINATE_ROUNDED;GEODETIC_DATUM_ASSUMED_WGS84;INSTITUTION_MATCH_NONE;COLLECTION_MATCH_NONE"
298,"Crotalus triseriatus",-99.421667,19.205,1978,"PRESERVED_SPECIMEN",,"1978-05-21T00:00:00","COORDINATE_ROUNDED;GEODETIC_DATUM_ASSUMED_WGS84;TAXON_MATCH_HIGHERRANK;TYPE_STATUS_INVALID;OCCURRENCE_STATUS_INFERRED_FROM_INDIVIDUAL_COUNT;INSTITUTION_MATCH_NONE;COLLECTION_MATCH_NONE"
299,"Crotalus triseriatus",-99.418056,19.622222,2013,"HUMAN_OBSERVATION",2043,"2013-05-20T01:14:00","GEODETIC_DATUM_ASSUMED_WGS84;INSTITUTION_MATCH_NONE;COLLECTION_MATCH_NONE"
300,"Crotalus triseriatus",-99.415461,19.385234,2019,"HUMAN_OBSERVATION",9,"2019-09-26T16:11:57","COORDINATE_ROUNDED;GEODETIC_DATUM_ASSUMED_WGS84;INSTITUTION_MATCH_NONE;COLLECTION_MATCH_NONE"
301,"Crotalus triseriatus",-99.41,19.628333,,"UNKNOWN",,"","COORDINATE_ROUNDED;GEODETIC_DATUM_ASSUMED_WGS84;RECORDED_DATE_INVALID;TAXON_MATCH_HIGHERRANK;TYPE_STATUS_INVALID;OCCURRENCE_STATUS_INFERRED_FROM_INDIVIDUAL_COUNT;INSTITUTION_MATCH_NONE;COLLECTION_MATCH_NONE"
303,"Crotalus triseriatus",-99.408305,19.306387,2018,"HUMAN_OBSERVATION",9,"2018-07-10T12:18:06","COORDINATE_ROUNDED;GEODETIC_DATUM_ASSUMED_WGS84;INSTITUTION_MATCH_NONE;COLLECTION_MATCH_NONE"
304,"Crotalus triseriatus",-99.407121,19.317202,2018,"HUMAN_OBSERVATION",526,"2018-07-11T16:35:26","COORDINATE_ROUNDED;GEODETIC_DATUM_ASSUMED_WGS84;INSTITUTION_MATCH_NONE;COLLECTION_MATCH_NONE"
305,"Crotalus triseriatus",-99.402263,19.310856,2018,"HUMAN_OBSERVATION",153,"2018-09-26T10:35:00","COORDINATE_ROUNDED;GEODETIC_DATUM_ASSUMED_WGS84;INSTITUTION_MATCH_NONE;COLLECTION_MATCH_NONE"
307,"Crotalus triseriatus",-99.390278,19.303889,1962,"PRESERVED_SPECIMEN",,"1962-08-05T00:00:00","COORDINATE_ROUNDED;GEODETIC_DATUM_ASSUMED_WGS84;ELEVATION_MIN_MAX_SWAPPED;TYPE_STATUS_INVALID;OCCURRENCE_STATUS_INFERRED_FROM_INDIVIDUAL_COUNT;INSTITUTION_COLLECTION_MISMATCH;DIFFERENT_OWNER_INSTITUTION"
311,"Crotalus triseriatus",-99.368611,19.290278,1987,"PRESERVED_SPECIMEN",,"1987-10-25T00:00:00","COORDINATE_ROUNDED;GEODETIC_DATUM_ASSUMED_WGS84;ELEVATION_MIN_MAX_SWAPPED;TYPE_STATUS_INVALID;OCCURRENCE_STATUS_INFERRED_FROM_INDIVIDUAL_COUNT;INSTITUTION_COLLECTION_MISMATCH;DIFFERENT_OWNER_INSTITUTION"
312,"Crotalus triseriatus",-99.363333,19.056944,1966,"PRESERVED_SPECIMEN",,"1966-08-02T00:00:00","COORDINATE_ROUNDED;GEODETIC_DATUM_ASSUMED_WGS84;TAXON_MATCH_HIGHERRANK;ELEVATION_MIN_MAX_SWAPPED;TYPE_STATUS_INVALID;OCCURRENCE_STATUS_INFERRED_FROM_INDIVIDUAL_COUNT;AMBIGUOUS_COLLECTION;INSTITUTION_MATCH_FUZZY"
313,"Crotalus triseriatus",-99.35877,19.299754,2019,"HUMAN_OBSERVATION",132,"2019-04-13T11:10:11","COORDINATE_ROUNDED;GEODETIC_DATUM_ASSUMED_WGS84;INSTITUTION_MATCH_NONE;COLLECTION_MATCH_NONE"
314,"Crotalus triseriatus",-99.348654,19.343839,2019,"HUMAN_OBSERVATION",413,"2019-07-21T11:30:00","COORDINATE_ROUNDED;GEODETIC_DATUM_ASSUMED_WGS84;INSTITUTION_MATCH_NONE;COLLECTION_MATCH_NONE"
315,"Crotalus triseriatus",-99.341667,18.991667,1990,"PRESERVED_SPECIMEN",,"1990-03-17T00:00:00","COORDINATE_ROUNDED;GEODETIC_DATUM_ASSUMED_WGS84;TAXON_MATCH_HIGHERRANK;TYPE_STATUS_INVALID;OCCURRENCE_STATUS_INFERRED_FROM_INDIVIDUAL_COUNT;INSTITUTION_MATCH_NONE;COLLECTION_MATCH_NONE"
316,"Crotalus triseriatus",-99.340588,19.332858,2020,"HUMAN_OBSERVATION",698,"2020-04-20T14:26:09","COORDINATE_ROUNDED;GEODETIC_DATUM_ASSUMED_WGS84;INSTITUTION_MATCH_NONE;COLLECTION_MATCH_NONE"
317,"Crotalus triseriatus",-99.339547,19.168513,2020,"HUMAN_OBSERVATION",10,"2020-06-23T12:41:24","COORDINATE_ROUNDED;GEODETIC_DATUM_ASSUMED_WGS84;INSTITUTION_MATCH_NONE;COLLECTION_MATCH_NONE"
318,"Crotalus triseriatus",-99.338218,19.073057,2015,"HUMAN_OBSERVATION",62,"2015-06-16T00:00:00","GEODETIC_DATUM_ASSUMED_WGS84;INSTITUTION_MATCH_NONE;COLLECTION_MATCH_NONE"
319,"Crotalus triseriatus",-99.325,19.058333,,"PRESERVED_SPECIMEN",,"","COORDINATE_ROUNDED;GEODETIC_DATUM_ASSUMED_WGS84;RECORDED_DATE_INVALID;TAXON_MATCH_HIGHERRANK;TYPE_STATUS_INVALID;OCCURRENCE_STATUS_INFERRED_FROM_INDIVIDUAL_COUNT;AMBIGUOUS_COLLECTION;INSTITUTION_MATCH_FUZZY"
322,"Crotalus triseriatus",-99.324139,19.302778,2004,"PRESERVED_SPECIMEN",,"2004-05-23T00:00:00","COORDINATE_ROUNDED;ELEVATION_MIN_MAX_SWAPPED;TYPE_STATUS_INVALID;OCCURRENCE_STATUS_INFERRED_FROM_INDIVIDUAL_COUNT;INSTITUTION_MATCH_NONE;COLLECTION_MATCH_NONE"
323,"Crotalus triseriatus",-99.323611,19.27025,2004,"PRESERVED_SPECIMEN",,"2004-04-04T00:00:00","COORDINATE_ROUNDED;ELEVATION_MIN_MAX_SWAPPED;TYPE_STATUS_INVALID;OCCURRENCE_STATUS_INFERRED_FROM_INDIVIDUAL_COUNT;INSTITUTION_MATCH_NONE;COLLECTION_MATCH_NONE"
325,"Crotalus triseriatus",-99.322647,19.232744,2019,"HUMAN_OBSERVATION",4,"2019-03-10T14:55:00","COORDINATE_ROUNDED;GEODETIC_DATUM_ASSUMED_WGS84;INSTITUTION_MATCH_NONE;COLLECTION_MATCH_NONE"
326,"Crotalus triseriatus",-99.322472,19.252611,2006,"PRESERVED_SPECIMEN",,"2006-02-03T00:00:00","COORDINATE_ROUNDED;ELEVATION_MIN_MAX_SWAPPED;TYPE_STATUS_INVALID;OCCURRENCE_STATUS_INFERRED_FROM_INDIVIDUAL_COUNT;INSTITUTION_MATCH_NONE;COLLECTION_MATCH_NONE"
327,"Crotalus triseriatus",-99.321519,19.040024,2015,"HUMAN_OBSERVATION",31,"2015-05-30T00:00:00","GEODETIC_DATUM_ASSUMED_WGS84;INSTITUTION_MATCH_NONE;COLLECTION_MATCH_NONE"
328,"Crotalus triseriatus",-99.320166,19.05012,2017,"HUMAN_OBSERVATION",107,"2017-11-10T19:31:00","COORDINATE_ROUNDED;GEODETIC_DATUM_ASSUMED_WGS84;INSTITUTION_MATCH_NONE;COLLECTION_MATCH_NONE"
329,"Crotalus triseriatus",-99.320148,19.055875,2013,"HUMAN_OBSERVATION",2120,"2013-05-30T00:00:00","GEODETIC_DATUM_ASSUMED_WGS84;INSTITUTION_MATCH_NONE;COLLECTION_MATCH_NONE"
336,"Crotalus triseriatus",-99.3172,19.9445,,"PRESERVED_SPECIMEN",,"","COORDINATE_ROUNDED;RECORDED_DATE_INVALID;TYPE_STATUS_INVALID;OCCURRENCE_STATUS_INFERRED_FROM_INDIVIDUAL_COUNT;INSTITUTION_COLLECTION_MISMATCH;DIFFERENT_OWNER_INSTITUTION"
344,"Crotalus triseriatus",-99.314343,19.056089,2016,"HUMAN_OBSERVATION",896,"2016-06-24T12:04:00","COORDINATE_ROUNDED;GEODETIC_DATUM_ASSUMED_WGS84;INSTITUTION_MATCH_NONE;COLLECTION_MATCH_NONE"
345,"Crotalus triseriatus",-99.313889,19.036111,1972,"PRESERVED_SPECIMEN",,"1972-08-19T00:00:00","COORDINATE_ROUNDED;GEODETIC_DATUM_ASSUMED_WGS84;TYPE_STATUS_INVALID;OCCURRENCE_STATUS_INFERRED_FROM_INDIVIDUAL_COUNT;AMBIGUOUS_COLLECTION;DIFFERENT_OWNER_INSTITUTION"
346,"Crotalus triseriatus",-99.313333,19.052222,1942,"PRESERVED_SPECIMEN",,"1942-08-13T00:00:00","COORDINATE_ROUNDED;GEODETIC_DATUM_ASSUMED_WGS84;TYPE_STATUS_INVALID;OCCURRENCE_STATUS_INFERRED_FROM_INDIVIDUAL_COUNT;INSTITUTION_MATCH_NONE;COLLECTION_MATCH_FUZZY"
348,"Crotalus triseriatus",-99.3125,19.3125,1935,"PRESERVED_SPECIMEN",,"1935-01-01T00:00:00","GEODETIC_DATUM_ASSUMED_WGS84;RECORDED_DATE_INVALID;TAXON_MATCH_HIGHERRANK;TYPE_STATUS_INVALID;COLLECTION_MATCH_NONE;DIFFERENT_OWNER_INSTITUTION"
356,"Crotalus triseriatus",-99.30333,19.05167,1965,"PRESERVED_SPECIMEN",,"1965-05-09T00:00:00","COORDINATE_REPROJECTED;TAXON_MATCH_HIGHERRANK;INSTITUTION_COLLECTION_MISMATCH"
357,"Crotalus triseriatus",-99.30325,19.221972,2007,"PRESERVED_SPECIMEN",,"2007-03-25T00:00:00","COORDINATE_ROUNDED;ELEVATION_MIN_MAX_SWAPPED;TYPE_STATUS_INVALID;OCCURRENCE_STATUS_INFERRED_FROM_INDIVIDUAL_COUNT;INSTITUTION_MATCH_NONE;COLLECTION_MATCH_NONE"
363,"Crotalus triseriatus",-99.30205023,19.03674684,1998,"PRESERVED_SPECIMEN",,"1998-05-15T00:00:00","COORDINATE_ROUNDED;COORDINATE_REPROJECTED;ELEVATION_MIN_MAX_SWAPPED;OCCURRENCE_STATUS_INFERRED_FROM_INDIVIDUAL_COUNT;INSTITUTION_MATCH_NONE;COLLECTION_MATCH_NONE"
364,"Crotalus triseriatus",-99.300917,19.290778,2004,"PRESERVED_SPECIMEN",,"2004-04-09T00:00:00","COORDINATE_ROUNDED;ELEVATION_MIN_MAX_SWAPPED;TYPE_STATUS_INVALID;OCCURRENCE_STATUS_INFERRED_FROM_INDIVIDUAL_COUNT;INSTITUTION_MATCH_NONE;COLLECTION_MATCH_NONE"
365,"Crotalus triseriatus",-99.300307,19.189366,2019,"HUMAN_OBSERVATION",4,"2019-04-28T00:36:00","COORDINATE_ROUNDED;GEODETIC_DATUM_ASSUMED_WGS84;INSTITUTION_MATCH_NONE;COLLECTION_MATCH_NONE"
366,"Crotalus triseriatus",-99.30010618,19.03396897,1967,"PRESERVED_SPECIMEN",,"1967-08-03T00:00:00","COORDINATE_REPROJECTED;OCCURRENCE_STATUS_INFERRED_FROM_INDIVIDUAL_COUNT;AMBIGUOUS_INSTITUTION;COLLECTION_MATCH_NONE"
367,"Crotalus triseriatus",-99.3,19.136389,1980,"PRESERVED_SPECIMEN",,"1980-05-16T00:00:00","COORDINATE_ROUNDED;GEODETIC_DATUM_ASSUMED_WGS84;TAXON_MATCH_HIGHERRANK;TYPE_STATUS_INVALID;INSTITUTION_MATCH_NONE;COLLECTION_MATCH_NONE"
368,"Crotalus triseriatus",-99.299444,19.061111,1978,"PRESERVED_SPECIMEN",,"1978-03-26T00:00:00","COORDINATE_ROUNDED;GEODETIC_DATUM_ASSUMED_WGS84;TAXON_MATCH_HIGHERRANK;TYPE_STATUS_INVALID;OCCURRENCE_STATUS_INFERRED_FROM_INDIVIDUAL_COUNT;COLLECTION_MATCH_NONE;DIFFERENT_OWNER_INSTITUTION"
371,"Crotalus triseriatus",-99.293689,19.037798,2012,"HUMAN_OBSERVATION",125,"2012-05-28T00:00:00","GEODETIC_DATUM_ASSUMED_WGS84;INSTITUTION_MATCH_NONE;COLLECTION_MATCH_NONE"
372,"Crotalus triseriatus",-99.292408,19.227575,2020,"HUMAN_OBSERVATION",1333,"2020-02-19T00:12:00","COORDINATE_ROUNDED;GEODETIC_DATUM_ASSUMED_WGS84;INSTITUTION_MATCH_NONE;COLLECTION_MATCH_NONE"
373,"Crotalus triseriatus",-99.291912,19.262563,2016,"HUMAN_OBSERVATION",15,"2016-05-18T15:20:00","COORDINATE_ROUNDED;GEODETIC_DATUM_ASSUMED_WGS84;INSTITUTION_MATCH_NONE;COLLECTION_MATCH_NONE"
376,"Crotalus triseriatus",-99.286196,19.313593,2020,"HUMAN_OBSERVATION",22,"2020-06-02T10:01:00","COORDINATE_ROUNDED;GEODETIC_DATUM_ASSUMED_WGS84;INSTITUTION_MATCH_NONE;COLLECTION_MATCH_NONE"
377,"Crotalus triseriatus",-99.28343884,19.05063524,1985,"PRESERVED_SPECIMEN",,"1985-10-09T00:00:00","COORDINATE_ROUNDED;COORDINATE_REPROJECTED;ELEVATION_MIN_MAX_SWAPPED;OCCURRENCE_STATUS_INFERRED_FROM_INDIVIDUAL_COUNT;INSTITUTION_MATCH_NONE;COLLECTION_MATCH_NONE"
380,"Crotalus triseriatus",-99.283319,19.217762,2017,"HUMAN_OBSERVATION",61,"2017-10-15T10:35:00","COORDINATE_ROUNDED;GEODETIC_DATUM_ASSUMED_WGS84;INSTITUTION_MATCH_NONE;COLLECTION_MATCH_NONE"
381,"Crotalus triseriatus",-99.28182,19.314661,2019,"HUMAN_OBSERVATION",50,"2019-12-26T15:20:00","COORDINATE_ROUNDED;GEODETIC_DATUM_ASSUMED_WGS84;INSTITUTION_MATCH_NONE;COLLECTION_MATCH_NONE"
382,"Crotalus triseriatus",-99.27954971,19.0389688,1998,"PRESERVED_SPECIMEN",,"1998-05-15T00:00:00","COORDINATE_ROUNDED;COORDINATE_REPROJECTED;ELEVATION_MIN_MAX_SWAPPED;OCCURRENCE_STATUS_INFERRED_FROM_INDIVIDUAL_COUNT;INSTITUTION_MATCH_NONE;COLLECTION_MATCH_NONE"
383,"Crotalus triseriatus",-99.278039,19.083476,2014,"HUMAN_OBSERVATION",100,"2014-04-24T00:00:00","GEODETIC_DATUM_ASSUMED_WGS84;INSTITUTION_MATCH_NONE;COLLECTION_MATCH_NONE"
384,"Crotalus triseriatus",-99.276219,19.180441,2018,"HUMAN_OBSERVATION",105,"2018-03-25T10:34:04","COORDINATE_ROUNDED;GEODETIC_DATUM_ASSUMED_WGS84;INSTITUTION_MATCH_NONE;COLLECTION_MATCH_NONE"
385,"Crotalus triseriatus",-99.268062,19.225741,2009,"HUMAN_OBSERVATION",99,"2009-10-24T04:04:11","GEODETIC_DATUM_ASSUMED_WGS84;INSTITUTION_MATCH_NONE;COLLECTION_MATCH_NONE"
386,"Crotalus triseriatus",-99.267502,19.0289,1964,"PRESERVED_SPECIMEN",,"1964-04-05T00:00:00","COORDINATE_ROUNDED;ELEVATION_MIN_MAX_SWAPPED;TYPE_STATUS_INVALID;OCCURRENCE_STATUS_INFERRED_FROM_INDIVIDUAL_COUNT;INSTITUTION_COLLECTION_MISMATCH;DIFFERENT_OWNER_INSTITUTION"
387,"Crotalus triseriatus",-99.266749,19.222527,1986,"HUMAN_OBSERVATION",50,"1986-06-09T14:00:00","GEODETIC_DATUM_ASSUMED_WGS84;INSTITUTION_MATCH_NONE;COLLECTION_MATCH_NONE"
388,"Crotalus triseriatus",-99.266667,19.067222,,"UNKNOWN",,"","COORDINATE_ROUNDED;GEODETIC_DATUM_ASSUMED_WGS84;RECORDED_DATE_INVALID;TAXON_MATCH_HIGHERRANK;TYPE_STATUS_INVALID;INSTITUTION_MATCH_NONE;COLLECTION_MATCH_NONE"
389,"Crotalus triseriatus",-99.265278,21.284722,1983,"PRESERVED_SPECIMEN",,"1983-07-15T00:00:00","COORDINATE_ROUNDED;GEODETIC_DATUM_ASSUMED_WGS84;TYPE_STATUS_INVALID;OCCURRENCE_STATUS_INFERRED_FROM_INDIVIDUAL_COUNT;COLLECTION_MATCH_FUZZY;DIFFERENT_OWNER_INSTITUTION"
390,"Crotalus triseriatus",-99.261978,19.209618,2019,"HUMAN_OBSERVATION",1096,"2019-08-18T01:43:00","COORDINATE_ROUNDED;GEODETIC_DATUM_ASSUMED_WGS84;INSTITUTION_MATCH_NONE;COLLECTION_MATCH_NONE"
391,"Crotalus triseriatus",-99.260164,19.216051,2020,"HUMAN_OBSERVATION",1281,"2020-02-19T00:12:00","COORDINATE_ROUNDED;GEODETIC_DATUM_ASSUMED_WGS84;INSTITUTION_MATCH_NONE;COLLECTION_MATCH_NONE"
396,"Crotalus triseriatus",-99.253449,19.26294,2012,"HUMAN_OBSERVATION",,"2012-10-03T00:00:00","COORDINATE_ROUNDED;GEODETIC_DATUM_ASSUMED_WGS84;INSTITUTION_MATCH_NONE;COLLECTION_MATCH_NONE"
397,"Crotalus triseriatus",-99.251726,19.216706,2020,"HUMAN_OBSERVATION",276,"2020-06-06T13:56:00","COORDINATE_ROUNDED;GEODETIC_DATUM_ASSUMED_WGS84;INSTITUTION_MATCH_NONE;COLLECTION_MATCH_NONE"
398,"Crotalus triseriatus",-99.24694,19.181389,1984,"PRESERVED_SPECIMEN",,"1984-07-01T00:00:00","COORDINATE_ROUNDED;RECORDED_DATE_INVALID;TYPE_STATUS_INVALID;OCCURRENCE_STATUS_INFERRED_FROM_INDIVIDUAL_COUNT;INSTITUTION_COLLECTION_MISMATCH;DIFFERENT_OWNER_INSTITUTION"
399,"Crotalus triseriatus",-99.246468,19.254134,2019,"HUMAN_OBSERVATION",8,"2019-03-23T10:15:00","COORDINATE_ROUNDED;GEODETIC_DATUM_ASSUMED_WGS84;INSTITUTION_MATCH_NONE;COLLECTION_MATCH_NONE"
401,"Crotalus triseriatus",-99.24199,19.183487,2019,"HUMAN_OBSERVATION",31,"2019-06-15T22:55:00","COORDINATE_ROUNDED;GEODETIC_DATUM_ASSUMED_WGS84;INSTITUTION_MATCH_NONE;COLLECTION_MATCH_NONE"
402,"Crotalus triseriatus",-99.241798,19.2418,1972,"PRESERVED_SPECIMEN",,"1972-09-03T00:00:00","COORDINATE_ROUNDED;ELEVATION_MIN_MAX_SWAPPED;TYPE_STATUS_INVALID;OCCURRENCE_STATUS_INFERRED_FROM_INDIVIDUAL_COUNT;INSTITUTION_COLLECTION_MISMATCH;DIFFERENT_OWNER_INSTITUTION"
403,"Crotalus triseriatus",-99.241667,19.058333,,"PRESERVED_SPECIMEN",,"","COORDINATE_ROUNDED;GEODETIC_DATUM_ASSUMED_WGS84;RECORDED_DATE_INVALID;TYPE_STATUS_INVALID;OCCURRENCE_STATUS_INFERRED_FROM_INDIVIDUAL_COUNT;INSTITUTION_MATCH_NONE;COLLECTION_MATCH_NONE"
405,"Crotalus triseriatus",-99.241667,19.125,,"PRESERVED_SPECIMEN",,"","COORDINATE_ROUNDED;GEODETIC_DATUM_ASSUMED_WGS84;RECORDED_DATE_INVALID;TAXON_MATCH_HIGHERRANK;TYPE_STATUS_INVALID;OCCURRENCE_STATUS_INFERRED_FROM_INDIVIDUAL_COUNT;INSTITUTION_MATCH_NONE;COLLECTION_MATCH_FUZZY"
407,"Crotalus triseriatus",-99.241161,19.054452,2007,"HUMAN_OBSERVATION",1956,"2007-02-17T00:00:00","GEODETIC_DATUM_ASSUMED_WGS84;INSTITUTION_MATCH_NONE;COLLECTION_MATCH_NONE"
408,"Crotalus triseriatus",-99.237,19.212142,2020,"HUMAN_OBSERVATION",22,"2020-08-09T12:16:57","COORDINATE_ROUNDED;GEODETIC_DATUM_ASSUMED_WGS84;INSTITUTION_MATCH_NONE;COLLECTION_MATCH_NONE"
409,"Crotalus triseriatus",-99.235833,19.020556,,"UNKNOWN",,"","COORDINATE_ROUNDED;GEODETIC_DATUM_ASSUMED_WGS84;RECORDED_DATE_INVALID;TAXON_MATCH_HIGHERRANK;TYPE_STATUS_INVALID;INSTITUTION_MATCH_NONE;COLLECTION_MATCH_NONE"
410,"Crotalus triseriatus",-99.234841,19.180748,2016,"HUMAN_OBSERVATION",,"2016-07-03T00:00:00","GEODETIC_DATUM_ASSUMED_WGS84;INSTITUTION_MATCH_NONE;COLLECTION_MATCH_NONE"
411,"Crotalus triseriatus",-99.23343726,18.9339739,1990,"PRESERVED_SPECIMEN",,"1990-03-17T00:00:00","COORDINATE_ROUNDED;COORDINATE_REPROJECTED;ELEVATION_MIN_MAX_SWAPPED;OCCURRENCE_STATUS_INFERRED_FROM_INDIVIDUAL_COUNT;INSTITUTION_MATCH_NONE;COLLECTION_MATCH_NONE"
412,"Crotalus triseriatus",-99.23281,19.208657,2020,"HUMAN_OBSERVATION",15,"2020-09-17T20:51:00","COORDINATE_ROUNDED;GEODETIC_DATUM_ASSUMED_WGS84;INSTITUTION_MATCH_NONE;COLLECTION_MATCH_NONE"
415,"Crotalus triseriatus",-99.230833,19.054444,1936,"PRESERVED_SPECIMEN",,"1936-01-01T00:00:00","COORDINATE_ROUNDED;GEODETIC_DATUM_ASSUMED_WGS84;RECORDED_DATE_INVALID;TAXON_MATCH_HIGHERRANK;TYPE_STATUS_INVALID;COLLECTION_MATCH_NONE;DIFFERENT_OWNER_INSTITUTION"
416,"Crotalus triseriatus",-99.22900162,21.3255308,1975,"PRESERVED_SPECIMEN",2816,"1975-05-04T00:00:00","COORDINATE_ROUNDED;COORDINATE_REPROJECTED;OCCURRENCE_STATUS_INFERRED_FROM_INDIVIDUAL_COUNT;COLLECTION_MATCH_NONE;INSTITUTION_MATCH_FUZZY"
417,"Crotalus triseriatus",-99.227877,19.239239,2019,"HUMAN_OBSERVATION",30580,"2019-03-17T13:20:00","COORDINATE_ROUNDED;GEODETIC_DATUM_ASSUMED_WGS84;INSTITUTION_MATCH_NONE;COLLECTION_MATCH_NONE"
418,"Crotalus triseriatus",-99.225619,19.129362,2017,"HUMAN_OBSERVATION",50,"2017-07-29T11:37:00","COORDINATE_ROUNDED;GEODETIC_DATUM_ASSUMED_WGS84;INSTITUTION_MATCH_NONE;COLLECTION_MATCH_NONE"
419,"Crotalus triseriatus",-99.225,19.108333,,"PRESERVED_SPECIMEN",,"","COORDINATE_ROUNDED;GEODETIC_DATUM_ASSUMED_WGS84;RECORDED_DATE_INVALID;TAXON_MATCH_HIGHERRANK;TYPE_STATUS_INVALID;OCCURRENCE_STATUS_INFERRED_FROM_INDIVIDUAL_COUNT;INSTITUTION_MATCH_NONE;COLLECTION_MATCH_NONE"
421,"Crotalus triseriatus",-99.225,19.225,1975,"PRESERVED_SPECIMEN",,"1975-03-01T00:00:00","GEODETIC_DATUM_ASSUMED_WGS84;TAXON_MATCH_HIGHERRANK;TYPE_STATUS_INVALID;OCCURRENCE_STATUS_INFERRED_FROM_INDIVIDUAL_COUNT;INSTITUTION_MATCH_NONE;COLLECTION_MATCH_NONE"
422,"Crotalus triseriatus",-99.224307,19.247585,2020,"HUMAN_OBSERVATION",410,"2020-06-25T01:35:34","COORDINATE_ROUNDED;GEODETIC_DATUM_ASSUMED_WGS84;INSTITUTION_MATCH_NONE;COLLECTION_MATCH_NONE"
423,"Crotalus triseriatus",-99.22427135,19.02258075,1998,"PRESERVED_SPECIMEN",,"1998-08-29T00:00:00","COORDINATE_ROUNDED;COORDINATE_REPROJECTED;ELEVATION_MIN_MAX_SWAPPED;OCCURRENCE_STATUS_INFERRED_FROM_INDIVIDUAL_COUNT;INSTITUTION_MATCH_NONE;COLLECTION_MATCH_NONE"
425,"Crotalus triseriatus",-99.22,19.03,1956,"PRESERVED_SPECIMEN",,"1956-10-13T00:00:00","COORDINATE_REPROJECTED;TAXON_MATCH_HIGHERRANK;INSTITUTION_COLLECTION_MISMATCH"
427,"Crotalus triseriatus",-99.218324,19.179109,2016,"HUMAN_OBSERVATION",,"2016-12-30T10:48:00","GEODETIC_DATUM_ASSUMED_WGS84;INSTITUTION_MATCH_NONE;COLLECTION_MATCH_NONE"
428,"Crotalus triseriatus",-99.216513,19.098916,2020,"HUMAN_OBSERVATION",122,"2020-10-20T17:03:00","COORDINATE_ROUNDED;GEODETIC_DATUM_ASSUMED_WGS84;INSTITUTION_MATCH_NONE;COLLECTION_MATCH_NONE"
429,"Crotalus triseriatus",-99.215921,19.087478,2019,"HUMAN_OBSERVATION",8,"2019-05-26T17:22:00","COORDINATE_ROUNDED;GEODETIC_DATUM_ASSUMED_WGS84;INSTITUTION_MATCH_NONE;COLLECTION_MATCH_NONE"
430,"Crotalus triseriatus",-99.213317,19.193519,2020,"HUMAN_OBSERVATION",61,"2020-05-16T19:40:00","COORDINATE_ROUNDED;GEODETIC_DATUM_ASSUMED_WGS84;INSTITUTION_MATCH_NONE;COLLECTION_MATCH_NONE"
431,"Crotalus triseriatus",-99.210556,21.273056,,"PRESERVED_SPECIMEN",,"","COORDINATE_ROUNDED;GEODETIC_DATUM_ASSUMED_WGS84;RECORDED_DATE_INVALID;TYPE_STATUS_INVALID;OCCURRENCE_STATUS_INFERRED_FROM_INDIVIDUAL_COUNT;INSTITUTION_COLLECTION_MISMATCH;DIFFERENT_OWNER_INSTITUTION"
432,"Crotalus triseriatus",-99.21010643,19.72060411,1930,"PRESERVED_SPECIMEN",,"1930-05-01T00:00:00","COORDINATE_REPROJECTED;OCCURRENCE_STATUS_INFERRED_FROM_INDIVIDUAL_COUNT;INSTITUTION_COLLECTION_MISMATCH;DIFFERENT_OWNER_INSTITUTION"
433,"Crotalus triseriatus",-99.208333,19.125,,"PRESERVED_SPECIMEN",,"","COORDINATE_ROUNDED;GEODETIC_DATUM_ASSUMED_WGS84;RECORDED_DATE_INVALID;TAXON_MATCH_HIGHERRANK;TYPE_STATUS_INVALID;OCCURRENCE_STATUS_INFERRED_FROM_INDIVIDUAL_COUNT;INSTITUTION_MATCH_FUZZY;COLLECTION_MATCH_FUZZY"
434,"Crotalus triseriatus",-99.208333,19.275,,"PRESERVED_SPECIMEN",,"","COORDINATE_ROUNDED;GEODETIC_DATUM_ASSUMED_WGS84;RECORDED_DATE_INVALID;TYPE_STATUS_INVALID;OCCURRENCE_STATUS_INFERRED_FROM_INDIVIDUAL_COUNT;AMBIGUOUS_COLLECTION;INSTITUTION_MATCH_FUZZY"
435,"Crotalus triseriatus",-99.208333,19.358333,,"PRESERVED_SPECIMEN",,"","COORDINATE_ROUNDED;GEODETIC_DATUM_ASSUMED_WGS84;RECORDED_DATE_INVALID;TYPE_STATUS_INVALID;OCCURRENCE_STATUS_INFERRED_FROM_INDIVIDUAL_COUNT;INSTITUTION_MATCH_NONE;COLLECTION_MATCH_FUZZY"
436,"Crotalus triseriatus",-99.208333,21.025,,"PRESERVED_SPECIMEN",,"","COORDINATE_ROUNDED;GEODETIC_DATUM_ASSUMED_WGS84;RECORDED_DATE_INVALID;ELEVATION_MIN_MAX_SWAPPED;TYPE_STATUS_INVALID;OCCURRENCE_STATUS_INFERRED_FROM_INDIVIDUAL_COUNT;AMBIGUOUS_COLLECTION;INSTITUTION_MATCH_FUZZY"
438,"Crotalus triseriatus",-99.203,19.0738,2017,"HUMAN_OBSERVATION",15,"2017-06-25T10:57:00","GEODETIC_DATUM_ASSUMED_WGS84;INSTITUTION_MATCH_NONE;COLLECTION_MATCH_NONE"
439,"Crotalus triseriatus",-99.202949,19.254027,2002,"HUMAN_OBSERVATION",327,"2002-06-14T00:00:00","GEODETIC_DATUM_ASSUMED_WGS84;INSTITUTION_MATCH_NONE;COLLECTION_MATCH_NONE"
440,"Crotalus triseriatus",-99.200556,21.288611,1976,"PRESERVED_SPECIMEN",,"1976-08-26T00:00:00","COORDINATE_ROUNDED;GEODETIC_DATUM_ASSUMED_WGS84;TYPE_STATUS_INVALID;OCCURRENCE_STATUS_INFERRED_FROM_INDIVIDUAL_COUNT;COLLECTION_MATCH_FUZZY;DIFFERENT_OWNER_INSTITUTION"
441,"Crotalus triseriatus",-99.200553,19.142696,2019,"HUMAN_OBSERVATION",1684,"2019-11-20T14:33:05","COORDINATE_ROUNDED;GEODETIC_DATUM_ASSUMED_WGS84;INSTITUTION_MATCH_NONE;COLLECTION_MATCH_NONE"
442,"Crotalus triseriatus",-99.200038,19.089085,2006,"HUMAN_OBSERVATION",,"2006-09-16T00:00:00","COORDINATE_ROUNDED;GEODETIC_DATUM_ASSUMED_WGS84;INSTITUTION_MATCH_NONE;COLLECTION_MATCH_NONE"
443,"Crotalus triseriatus",-99.196945,19.323334,,"PRESERVED_SPECIMEN",,"","COORDINATE_ROUNDED;RECORDED_DATE_INVALID;ELEVATION_MIN_MAX_SWAPPED;TYPE_STATUS_INVALID;OCCURRENCE_STATUS_INFERRED_FROM_INDIVIDUAL_COUNT;INSTITUTION_COLLECTION_MISMATCH;DIFFERENT_OWNER_INSTITUTION"
445,"Crotalus triseriatus",-99.193054,19.110834,1965,"PRESERVED_SPECIMEN",,"1965-05-05T00:00:00","COORDINATE_ROUNDED;TAXON_MATCH_HIGHERRANK;ELEVATION_MIN_MAX_SWAPPED;TYPE_STATUS_INVALID;OCCURRENCE_STATUS_INFERRED_FROM_INDIVIDUAL_COUNT;INSTITUTION_COLLECTION_MISMATCH;DIFFERENT_OWNER_INSTITUTION"
448,"Crotalus triseriatus",-99.181118,19.086633,2012,"HUMAN_OBSERVATION",15,"2012-02-16T00:00:00","GEODETIC_DATUM_ASSUMED_WGS84;INSTITUTION_MATCH_NONE;COLLECTION_MATCH_NONE"
450,"Crotalus triseriatus",-99.178611,21.286111,1996,"PRESERVED_SPECIMEN",,"1996-06-23T00:00:00","COORDINATE_ROUNDED;GEODETIC_DATUM_ASSUMED_WGS84;ELEVATION_MIN_MAX_SWAPPED;TYPE_STATUS_INVALID;OCCURRENCE_STATUS_INFERRED_FROM_INDIVIDUAL_COUNT;INSTITUTION_MATCH_NONE;COLLECTION_MATCH_NONE"
452,"Crotalus triseriatus",-99.177403,19.143101,2017,"HUMAN_OBSERVATION",61,"2017-10-29T10:35:00","COORDINATE_ROUNDED;GEODETIC_DATUM_ASSUMED_WGS84;INSTITUTION_MATCH_NONE;COLLECTION_MATCH_NONE"
453,"Crotalus triseriatus",-99.177335,19.149471,2019,"HUMAN_OBSERVATION",31,"2019-08-10T12:41:00","COORDINATE_ROUNDED;GEODETIC_DATUM_ASSUMED_WGS84;INSTITUTION_MATCH_NONE;COLLECTION_MATCH_NONE"
457,"Crotalus triseriatus",-99.175833,21.298333,1996,"PRESERVED_SPECIMEN",,"1996-06-24T00:00:00","COORDINATE_ROUNDED;GEODETIC_DATUM_ASSUMED_WGS84;ELEVATION_MIN_MAX_SWAPPED;TYPE_STATUS_INVALID;OCCURRENCE_STATUS_INFERRED_FROM_INDIVIDUAL_COUNT;INSTITUTION_MATCH_NONE;COLLECTION_MATCH_NONE"
460,"Crotalus triseriatus",-99.175,19.391667,1868,"PRESERVED_SPECIMEN",,"1868-04-07T00:00:00","COORDINATE_ROUNDED;GEODETIC_DATUM_ASSUMED_WGS84;COLLECTION_MATCH_FUZZY;DIFFERENT_OWNER_INSTITUTION"
462,"Crotalus triseriatus",-99.173057,19.135834,1966,"PRESERVED_SPECIMEN",,"1966-09-20T00:00:00","COORDINATE_ROUNDED;ELEVATION_MIN_MAX_SWAPPED;TYPE_STATUS_INVALID;OCCURRENCE_STATUS_INFERRED_FROM_INDIVIDUAL_COUNT;INSTITUTION_COLLECTION_MISMATCH;DIFFERENT_OWNER_INSTITUTION"
463,"Crotalus triseriatus",-99.171853,19.148129,2020,"HUMAN_OBSERVATION",10,"2020-04-04T12:01:00","COORDINATE_ROUNDED;GEODETIC_DATUM_ASSUMED_WGS84;INSTITUTION_MATCH_NONE;COLLECTION_MATCH_NONE"
464,"Crotalus triseriatus",-99.170833,19.097222,1975,"PRESERVED_SPECIMEN",,"1975-01-01T00:00:00","COORDINATE_ROUNDED;GEODETIC_DATUM_ASSUMED_WGS84;RECORDED_DATE_INVALID;TAXON_MATCH_HIGHERRANK;TYPE_STATUS_INVALID;COLLECTION_MATCH_NONE;DIFFERENT_OWNER_INSTITUTION"
467,"Crotalus triseriatus",-99.155601,19.1143,1970,"PRESERVED_SPECIMEN",,"1970-04-11T00:00:00","COORDINATE_ROUNDED;ELEVATION_MIN_MAX_SWAPPED;TYPE_STATUS_INVALID;OCCURRENCE_STATUS_INFERRED_FROM_INDIVIDUAL_COUNT;INSTITUTION_COLLECTION_MISMATCH;DIFFERENT_OWNER_INSTITUTION"
468,"Crotalus triseriatus",-99.153428,19.141383,2020,"HUMAN_OBSERVATION",23802,"2020-02-22T12:18:51","COORDINATE_ROUNDED;GEODETIC_DATUM_ASSUMED_WGS84;INSTITUTION_MATCH_NONE;COLLECTION_MATCH_NONE"
469,"Crotalus triseriatus",-99.15011053,21.26720067,1972,"PRESERVED_SPECIMEN",,"1972-08-24T00:00:00","COORDINATE_ROUNDED;COORDINATE_REPROJECTED;INSTITUTION_MATCH_FUZZY;COLLECTION_MATCH_FUZZY"
470,"Crotalus triseriatus",-99.148492,19.087056,2020,"HUMAN_OBSERVATION",,"2020-06-29T12:23:38","COORDINATE_ROUNDED;GEODETIC_DATUM_ASSUMED_WGS84;INSTITUTION_MATCH_NONE;COLLECTION_MATCH_NONE"
472,"Crotalus triseriatus",-99.147776,19.120138,2017,"HUMAN_OBSERVATION",10,"2017-10-07T15:07:00","GEODETIC_DATUM_ASSUMED_WGS84;INSTITUTION_MATCH_NONE;COLLECTION_MATCH_NONE"
474,"Crotalus triseriatus",-99.144698,19.162464,2008,"HUMAN_OBSERVATION",30598,"2008-09-07T00:00:00","COORDINATE_ROUNDED;GEODETIC_DATUM_ASSUMED_WGS84;INSTITUTION_MATCH_NONE;COLLECTION_MATCH_NONE"
475,"Crotalus triseriatus",-99.141667,19.441667,,"PRESERVED_SPECIMEN",,"","COORDINATE_ROUNDED;GEODETIC_DATUM_ASSUMED_WGS84;RECORDED_DATE_INVALID;TAXON_MATCH_HIGHERRANK;TYPE_STATUS_INVALID;OCCURRENCE_STATUS_INFERRED_FROM_INDIVIDUAL_COUNT;AMBIGUOUS_COLLECTION;INSTITUTION_MATCH_NONE"
478,"Crotalus triseriatus",-99.138885,19.275,2002,"PRESERVED_SPECIMEN",,"2002-08-24T00:00:00","COORDINATE_ROUNDED;ELEVATION_MIN_MAX_SWAPPED;TYPE_STATUS_INVALID;OCCURRENCE_STATUS_INFERRED_FROM_INDIVIDUAL_COUNT;INSTITUTION_COLLECTION_MISMATCH;DIFFERENT_OWNER_INSTITUTION"
482,"Crotalus triseriatus",-99.136944,21.266944,1995,"PRESERVED_SPECIMEN",,"1995-01-29T00:00:00","COORDINATE_ROUNDED;GEODETIC_DATUM_ASSUMED_WGS84;ELEVATION_MIN_MAX_SWAPPED;TYPE_STATUS_INVALID;OCCURRENCE_STATUS_INFERRED_FROM_INDIVIDUAL_COUNT;INSTITUTION_MATCH_NONE;COLLECTION_MATCH_NONE"
483,"Crotalus triseriatus",-99.136944,21.327778,,"PRESERVED_SPECIMEN",,"","COORDINATE_ROUNDED;GEODETIC_DATUM_ASSUMED_WGS84;RECORDED_DATE_INVALID;ELEVATION_MIN_MAX_SWAPPED;TYPE_STATUS_INVALID;OCCURRENCE_STATUS_INFERRED_FROM_INDIVIDUAL_COUNT;INSTITUTION_MATCH_NONE;COLLECTION_MATCH_FUZZY"
484,"Crotalus triseriatus",-99.13583,20.66167,1992,"PRESERVED_SPECIMEN",800,"1992-10-10T00:00:00","TYPE_STATUS_INVALID;OCCURRENCE_STATUS_INFERRED_FROM_INDIVIDUAL_COUNT;INSTITUTION_MATCH_NONE;COLLECTION_MATCH_NONE"
485,"Crotalus triseriatus",-99.133744,19.043895,2020,"HUMAN_OBSERVATION",10,"2020-02-08T13:28:32","COORDINATE_ROUNDED;GEODETIC_DATUM_ASSUMED_WGS84;INSTITUTION_MATCH_NONE;COLLECTION_MATCH_NONE"
486,"Crotalus triseriatus",-99.131943,19.791389,1963,"PRESERVED_SPECIMEN",,"1963-06-15T00:00:00","COORDINATE_ROUNDED;ELEVATION_MIN_MAX_SWAPPED;TYPE_STATUS_INVALID;OCCURRENCE_STATUS_INFERRED_FROM_INDIVIDUAL_COUNT;INSTITUTION_COLLECTION_MISMATCH;DIFFERENT_OWNER_INSTITUTION"
488,"Crotalus triseriatus",-99.130798,19.534401,,"PRESERVED_SPECIMEN",,"","COORDINATE_ROUNDED;RECORDED_DATE_INVALID;TYPE_STATUS_INVALID;OCCURRENCE_STATUS_INFERRED_FROM_INDIVIDUAL_COUNT;INSTITUTION_COLLECTION_MISMATCH;DIFFERENT_OWNER_INSTITUTION"
489,"Crotalus triseriatus",-99.127778,21.291667,,"PRESERVED_SPECIMEN",,"","COORDINATE_ROUNDED;GEODETIC_DATUM_ASSUMED_WGS84;RECORDED_DATE_INVALID;ELEVATION_MIN_MAX_SWAPPED;TYPE_STATUS_INVALID;OCCURRENCE_STATUS_INFERRED_FROM_INDIVIDUAL_COUNT;INSTITUTION_MATCH_NONE;COLLECTION_MATCH_FUZZY"
490,"Crotalus triseriatus",-99.125,21.291667,,"PRESERVED_SPECIMEN",,"","COORDINATE_ROUNDED;GEODETIC_DATUM_ASSUMED_WGS84;RECORDED_DATE_INVALID;TYPE_STATUS_INVALID;OCCURRENCE_STATUS_INFERRED_FROM_INDIVIDUAL_COUNT;INSTITUTION_MATCH_NONE;COLLECTION_MATCH_FUZZY"
494,"Crotalus triseriatus",-99.119499,19.141869,2020,"HUMAN_OBSERVATION",1477,"2020-07-29T00:00:00","COORDINATE_ROUNDED;GEODETIC_DATUM_ASSUMED_WGS84;INSTITUTION_MATCH_NONE;COLLECTION_MATCH_NONE"
498,"Crotalus triseriatus",-99.10644,19.059662,2019,"HUMAN_OBSERVATION",244,"2019-06-22T16:36:00","COORDINATE_ROUNDED;GEODETIC_DATUM_ASSUMED_WGS84;INSTITUTION_MATCH_NONE;COLLECTION_MATCH_NONE"
499,"Crotalus triseriatus",-99.103889,21.291667,,"PRESERVED_SPECIMEN",,"","COORDINATE_ROUNDED;GEODETIC_DATUM_ASSUMED_WGS84;RECORDED_DATE_INVALID;ELEVATION_MIN_MAX_SWAPPED;TYPE_STATUS_INVALID;OCCURRENCE_STATUS_INFERRED_FROM_INDIVIDUAL_COUNT;INSTITUTION_MATCH_NONE;COLLECTION_MATCH_FUZZY"
500,"Crotalus triseriatus",-99.100199,19.132924,2016,"HUMAN_OBSERVATION",752,"2016-08-13T00:00:00","GEODETIC_DATUM_ASSUMED_WGS84;INSTITUTION_MATCH_NONE;COLLECTION_MATCH_NONE"
501,"Crotalus triseriatus",-99.093053,19.19092,2020,"HUMAN_OBSERVATION",2331,"2020-10-14T15:29:00","COORDINATE_ROUNDED;GEODETIC_DATUM_ASSUMED_WGS84;INSTITUTION_MATCH_NONE;COLLECTION_MATCH_NONE"
502,"Crotalus triseriatus",-99.083921,19.147312,2020,"HUMAN_OBSERVATION",150,"2020-09-05T11:44:50","COORDINATE_ROUNDED;GEODETIC_DATUM_ASSUMED_WGS84;INSTITUTION_MATCH_NONE;COLLECTION_MATCH_NONE"
503,"Crotalus triseriatus",-99.076667,21.178611,,"PRESERVED_SPECIMEN",,"","COORDINATE_ROUNDED;GEODETIC_DATUM_ASSUMED_WGS84;RECORDED_DATE_INVALID;ELEVATION_MIN_MAX_SWAPPED;TYPE_STATUS_INVALID;OCCURRENCE_STATUS_INFERRED_FROM_INDIVIDUAL_COUNT;INSTITUTION_MATCH_NONE;COLLECTION_MATCH_FUZZY"
504,"Crotalus triseriatus",-99.02845,19.262005,2020,"HUMAN_OBSERVATION",31,"2020-02-21T14:04:00","COORDINATE_ROUNDED;GEODETIC_DATUM_ASSUMED_WGS84;INSTITUTION_MATCH_NONE;COLLECTION_MATCH_NONE"
505,"Crotalus triseriatus",-99.018682,19.142946,2020,"HUMAN_OBSERVATION",1321,"2020-03-25T15:54:07","COORDINATE_ROUNDED;GEODETIC_DATUM_ASSUMED_WGS84;INSTITUTION_MATCH_NONE;COLLECTION_MATCH_NONE"
506,"Crotalus triseriatus",-99.01509929,18.98675008,1998,"PRESERVED_SPECIMEN",,"1998-06-13T00:00:00","COORDINATE_ROUNDED;COORDINATE_REPROJECTED;ELEVATION_MIN_MAX_SWAPPED;OCCURRENCE_STATUS_INFERRED_FROM_INDIVIDUAL_COUNT;INSTITUTION_MATCH_NONE;COLLECTION_MATCH_NONE"
507,"Crotalus triseriatus",-99,19.666667,1957,"PRESERVED_SPECIMEN",301,"1957-09-10T00:00:00","TAXON_MATCH_HIGHERRANK;OCCURRENCE_STATUS_INFERRED_FROM_INDIVIDUAL_COUNT;INSTITUTION_COLLECTION_MISMATCH;DIFFERENT_OWNER_INSTITUTION"
508,"Crotalus triseriatus",-98.989998,21.385279,,"UNKNOWN",,"","COORDINATE_ROUNDED;RECORDED_DATE_INVALID;ELEVATION_MIN_MAX_SWAPPED;TYPE_STATUS_INVALID;OCCURRENCE_STATUS_INFERRED_FROM_INDIVIDUAL_COUNT;AMBIGUOUS_COLLECTION;DIFFERENT_OWNER_INSTITUTION"
509,"Crotalus triseriatus",-98.971667,19.734444,1980,"PRESERVED_SPECIMEN",,"1980-10-29T00:00:00","COORDINATE_ROUNDED;GEODETIC_DATUM_ASSUMED_WGS84;ELEVATION_MIN_MAX_SWAPPED;TYPE_STATUS_INVALID;OCCURRENCE_STATUS_INFERRED_FROM_INDIVIDUAL_COUNT;INSTITUTION_COLLECTION_MISMATCH;DIFFERENT_OWNER_INSTITUTION"
510,"Crotalus triseriatus",-98.964996,19.731701,1980,"PRESERVED_SPECIMEN",,"1980-10-29T00:00:00","COORDINATE_ROUNDED;TAXON_MATCH_HIGHERRANK;ELEVATION_MIN_MAX_SWAPPED;TYPE_STATUS_INVALID;OCCURRENCE_STATUS_INFERRED_FROM_INDIVIDUAL_COUNT;INSTITUTION_COLLECTION_MISMATCH;DIFFERENT_OWNER_INSTITUTION"
511,"Crotalus triseriatus",-98.963302,19.0914,2001,"PRESERVED_SPECIMEN",,"2001-10-03T00:00:00","COORDINATE_ROUNDED;TYPE_STATUS_INVALID;OCCURRENCE_STATUS_INFERRED_FROM_INDIVIDUAL_COUNT;INSTITUTION_COLLECTION_MISMATCH;DIFFERENT_OWNER_INSTITUTION"
512,"Crotalus triseriatus",-98.93565186,18.52455023,1981,"PRESERVED_SPECIMEN",,"1981-10-30T00:00:00","COORDINATE_ROUNDED;COORDINATE_REPROJECTED;ELEVATION_MIN_MAX_SWAPPED;OCCURRENCE_STATUS_INFERRED_FROM_INDIVIDUAL_COUNT;INSTITUTION_MATCH_NONE;COLLECTION_MATCH_NONE"
513,"Crotalus triseriatus",-98.876667,19.301667,1977,"PRESERVED_SPECIMEN",,"1977-07-10T00:00:00","COORDINATE_ROUNDED;GEODETIC_DATUM_ASSUMED_WGS84;TAXON_MATCH_HIGHERRANK;TYPE_STATUS_INVALID;OCCURRENCE_STATUS_INFERRED_FROM_INDIVIDUAL_COUNT;COLLECTION_MATCH_NONE;DIFFERENT_OWNER_INSTITUTION"
514,"Crotalus triseriatus",-98.858889,19.158056,1984,"PRESERVED_SPECIMEN",,"1984-01-08T00:00:00","COORDINATE_ROUNDED;GEODETIC_DATUM_ASSUMED_WGS84;ELEVATION_MIN_MAX_SWAPPED;TYPE_STATUS_INVALID;OCCURRENCE_STATUS_INFERRED_FROM_INDIVIDUAL_COUNT;INSTITUTION_COLLECTION_MISMATCH;DIFFERENT_OWNER_INSTITUTION"
515,"Crotalus triseriatus",-98.85,19.316667,1971,"PRESERVED_SPECIMEN",,"1971-10-28T00:00:00","COORDINATE_ROUNDED;GEODETIC_DATUM_ASSUMED_WGS84;ELEVATION_MIN_MAX_SWAPPED;TYPE_STATUS_INVALID;OCCURRENCE_STATUS_INFERRED_FROM_INDIVIDUAL_COUNT;INSTITUTION_COLLECTION_MISMATCH;DIFFERENT_OWNER_INSTITUTION"
517,"Crotalus triseriatus",-98.83,19.755,1982,"PRESERVED_SPECIMEN",,"1982-08-19T00:00:00","GEODETIC_DATUM_ASSUMED_WGS84;TAXON_MATCH_HIGHERRANK;ELEVATION_MIN_MAX_SWAPPED;TYPE_STATUS_INVALID;OCCURRENCE_STATUS_INFERRED_FROM_INDIVIDUAL_COUNT;COLLECTION_MATCH_NONE;DIFFERENT_OWNER_INSTITUTION"
518,"Crotalus triseriatus",-98.8116,19.189301,1976,"PRESERVED_SPECIMEN",,"1976-04-11T00:00:00","COORDINATE_ROUNDED;TAXON_MATCH_HIGHERRANK;ELEVATION_MIN_MAX_SWAPPED;TYPE_STATUS_INVALID;OCCURRENCE_STATUS_INFERRED_FROM_INDIVIDUAL_COUNT;INSTITUTION_COLLECTION_MISMATCH;DIFFERENT_OWNER_INSTITUTION"
519,"Crotalus triseriatus",-98.795888,19.390908,2008,"HUMAN_OBSERVATION",977,"2008-07-13T08:33:00","COORDINATE_ROUNDED;GEODETIC_DATUM_ASSUMED_WGS84;INSTITUTION_MATCH_NONE;COLLECTION_MATCH_NONE"
520,"Crotalus triseriatus",-98.779444,19.125,1964,"PRESERVED_SPECIMEN",,"1964-09-14T00:00:00","COORDINATE_ROUNDED;GEODETIC_DATUM_ASSUMED_WGS84;ELEVATION_MIN_MAX_SWAPPED;TYPE_STATUS_INVALID;OCCURRENCE_STATUS_INFERRED_FROM_INDIVIDUAL_COUNT;INSTITUTION_COLLECTION_MISMATCH;DIFFERENT_OWNER_INSTITUTION"
521,"Crotalus triseriatus",-98.777778,19.056667,,"UNKNOWN",,"","COORDINATE_ROUNDED;GEODETIC_DATUM_ASSUMED_WGS84;RECORDED_DATE_INVALID;TAXON_MATCH_HIGHERRANK;ELEVATION_MIN_MAX_SWAPPED;TYPE_STATUS_INVALID;OCCURRENCE_STATUS_INFERRED_FROM_INDIVIDUAL_COUNT;INSTITUTION_MATCH_NONE;COLLECTION_MATCH_NONE"
522,"Crotalus triseriatus",-98.763889,19.380833,1942,"PRESERVED_SPECIMEN",,"1942-07-02T00:00:00","COORDINATE_ROUNDED;GEODETIC_DATUM_ASSUMED_WGS84;TYPE_STATUS_INVALID;OCCURRENCE_STATUS_INFERRED_FROM_INDIVIDUAL_COUNT;INSTITUTION_MATCH_NONE;COLLECTION_MATCH_FUZZY"
524,"Crotalus triseriatus",-98.763,19.128401,1964,"PRESERVED_SPECIMEN",,"1964-09-14T00:00:00","COORDINATE_ROUNDED;ELEVATION_MIN_MAX_SWAPPED;TYPE_STATUS_INVALID;OCCURRENCE_STATUS_INFERRED_FROM_INDIVIDUAL_COUNT;INSTITUTION_COLLECTION_MISMATCH;DIFFERENT_OWNER_INSTITUTION"
525,"Crotalus triseriatus",-98.754167,19.184167,1977,"PRESERVED_SPECIMEN",,"1977-05-14T00:00:00","COORDINATE_ROUNDED;GEODETIC_DATUM_ASSUMED_WGS84;TAXON_MATCH_HIGHERRANK;TYPE_STATUS_INVALID;OCCURRENCE_STATUS_INFERRED_FROM_INDIVIDUAL_COUNT;INSTITUTION_MATCH_NONE;COLLECTION_MATCH_NONE"
526,"Crotalus triseriatus",-98.753998,19.1283,1988,"PRESERVED_SPECIMEN",,"1988-06-22T00:00:00","COORDINATE_ROUNDED;TAXON_MATCH_HIGHERRANK;ELEVATION_MIN_MAX_SWAPPED;TYPE_STATUS_INVALID;OCCURRENCE_STATUS_INFERRED_FROM_INDIVIDUAL_COUNT;INSTITUTION_COLLECTION_MISMATCH;DIFFERENT_OWNER_INSTITUTION"
527,"Crotalus triseriatus",-98.742222,19.253889,1976,"PRESERVED_SPECIMEN",,"1976-04-11T00:00:00","COORDINATE_ROUNDED;GEODETIC_DATUM_ASSUMED_WGS84;ELEVATION_MIN_MAX_SWAPPED;TYPE_STATUS_INVALID;OCCURRENCE_STATUS_INFERRED_FROM_INDIVIDUAL_COUNT;INSTITUTION_COLLECTION_MISMATCH;DIFFERENT_OWNER_INSTITUTION"
528,"Crotalus triseriatus",-98.741667,20.375,1985,"PRESERVED_SPECIMEN",,"1985-02-10T00:00:00","COORDINATE_ROUNDED;GEODETIC_DATUM_ASSUMED_WGS84;TYPE_STATUS_INVALID;OCCURRENCE_STATUS_INFERRED_FROM_INDIVIDUAL_COUNT;INSTITUTION_MATCH_NONE;COLLECTION_MATCH_NONE"
529,"Crotalus triseriatus",-98.735901,20.187201,1969,"PRESERVED_SPECIMEN",,"1969-08-07T00:00:00","COORDINATE_ROUNDED;ELEVATION_MIN_MAX_SWAPPED;TYPE_STATUS_INVALID;OCCURRENCE_STATUS_INFERRED_FROM_INDIVIDUAL_COUNT;INSTITUTION_COLLECTION_MISMATCH;DIFFERENT_OWNER_INSTITUTION"
530,"Crotalus triseriatus",-98.734437,20.184154,1972,"PRESERVED_SPECIMEN",5477,"1972-08-01T00:00:00","GEODETIC_DATUM_ASSUMED_WGS84;OCCURRENCE_STATUS_INFERRED_FROM_INDIVIDUAL_COUNT;COLLECTION_MATCH_NONE;INSTITUTION_MATCH_FUZZY"
531,"Crotalus triseriatus",-98.733299,19.3167,1970,"PRESERVED_SPECIMEN",,"1970-10-04T00:00:00","COORDINATE_ROUNDED;OCCURRENCE_STATUS_INFERRED_FROM_INDIVIDUAL_COUNT;INSTITUTION_COLLECTION_MISMATCH;DIFFERENT_OWNER_INSTITUTION"
532,"Crotalus triseriatus",-98.7300936,19.29062566,1968,"PRESERVED_SPECIMEN",,"1968-08-22T00:00:00","COORDINATE_REPROJECTED;TAXON_MATCH_HIGHERRANK;OCCURRENCE_STATUS_INFERRED_FROM_INDIVIDUAL_COUNT;INSTITUTION_COLLECTION_MISMATCH;DIFFERENT_OWNER_INSTITUTION"
533,"Crotalus triseriatus",-98.73,20.22,1974,"PRESERVED_SPECIMEN",,"1974-08-15T00:00:00","GEODETIC_DATUM_ASSUMED_WGS84;TAXON_MATCH_HIGHERRANK;ELEVATION_MIN_MAX_SWAPPED;TYPE_STATUS_INVALID;OCCURRENCE_STATUS_INFERRED_FROM_INDIVIDUAL_COUNT;COLLECTION_MATCH_NONE;DIFFERENT_OWNER_INSTITUTION"
535,"Crotalus triseriatus",-98.728333,19.302778,,"UNKNOWN",,"","COORDINATE_ROUNDED;GEODETIC_DATUM_ASSUMED_WGS84;RECORDED_DATE_INVALID;TAXON_MATCH_HIGHERRANK;TYPE_STATUS_INVALID;OCCURRENCE_STATUS_INFERRED_FROM_INDIVIDUAL_COUNT;INSTITUTION_MATCH_NONE;COLLECTION_MATCH_NONE"
537,"Crotalus triseriatus",-98.725,19.346667,1981,"PRESERVED_SPECIMEN",,"1981-12-01T00:00:00","COORDINATE_ROUNDED;GEODETIC_DATUM_ASSUMED_WGS84;RECORDED_DATE_INVALID;TAXON_MATCH_HIGHERRANK;ELEVATION_MIN_MAX_SWAPPED;TYPE_STATUS_INVALID;OCCURRENCE_STATUS_INFERRED_FROM_INDIVIDUAL_COUNT;INSTITUTION_MATCH_NONE;COLLECTION_MATCH_NONE"
538,"Crotalus triseriatus",-98.725,19.425,1940,"PRESERVED_SPECIMEN",,"1940-06-22T00:00:00","GEODETIC_DATUM_ASSUMED_WGS84;TAXON_MATCH_HIGHERRANK;TYPE_STATUS_INVALID;OCCURRENCE_STATUS_INFERRED_FROM_INDIVIDUAL_COUNT;AMBIGUOUS_COLLECTION;INSTITUTION_MATCH_FUZZY"
540,"Crotalus triseriatus",-98.724403,19.307501,1970,"PRESERVED_SPECIMEN",,"1970-07-27T00:00:00","COORDINATE_ROUNDED;TAXON_MATCH_HIGHERRANK;ELEVATION_MIN_MAX_SWAPPED;TYPE_STATUS_INVALID;OCCURRENCE_STATUS_INFERRED_FROM_INDIVIDUAL_COUNT;INSTITUTION_COLLECTION_MISMATCH;DIFFERENT_OWNER_INSTITUTION"
542,"Crotalus triseriatus",-98.723611,19.305,1970,"PRESERVED_SPECIMEN",,"1970-07-27T00:00:00","COORDINATE_ROUNDED;GEODETIC_DATUM_ASSUMED_WGS84;ELEVATION_MIN_MAX_SWAPPED;TYPE_STATUS_INVALID;OCCURRENCE_STATUS_INFERRED_FROM_INDIVIDUAL_COUNT;INSTITUTION_COLLECTION_MISMATCH;DIFFERENT_OWNER_INSTITUTION"
544,"Crotalus triseriatus",-98.720556,19.241111,1977,"PRESERVED_SPECIMEN",,"1977-10-25T00:00:00","COORDINATE_ROUNDED;GEODETIC_DATUM_ASSUMED_WGS84;TAXON_MATCH_HIGHERRANK;TYPE_STATUS_INVALID;OCCURRENCE_STATUS_INFERRED_FROM_INDIVIDUAL_COUNT;COLLECTION_MATCH_NONE;DIFFERENT_OWNER_INSTITUTION"
549,"Crotalus triseriatus",-98.720556,19.330833,1972,"PRESERVED_SPECIMEN",,"1972-09-02T00:00:00","COORDINATE_ROUNDED;GEODETIC_DATUM_ASSUMED_WGS84;ELEVATION_MIN_MAX_SWAPPED;TYPE_STATUS_INVALID;OCCURRENCE_STATUS_INFERRED_FROM_INDIVIDUAL_COUNT;INSTITUTION_COLLECTION_MISMATCH;DIFFERENT_OWNER_INSTITUTION"
551,"Crotalus triseriatus",-98.720556,19.364167,1970,"PRESERVED_SPECIMEN",,"1970-09-06T00:00:00","COORDINATE_ROUNDED;GEODETIC_DATUM_ASSUMED_WGS84;ELEVATION_MIN_MAX_SWAPPED;TYPE_STATUS_INVALID;OCCURRENCE_STATUS_INFERRED_FROM_INDIVIDUAL_COUNT;INSTITUTION_COLLECTION_MISMATCH;DIFFERENT_OWNER_INSTITUTION"
553,"Crotalus triseriatus",-98.718333,19.316667,,"UNKNOWN",,"","COORDINATE_ROUNDED;GEODETIC_DATUM_ASSUMED_WGS84;RECORDED_DATE_INVALID;TAXON_MATCH_HIGHERRANK;TYPE_STATUS_INVALID;OCCURRENCE_STATUS_INFERRED_FROM_INDIVIDUAL_COUNT;INSTITUTION_MATCH_NONE;COLLECTION_MATCH_NONE"
556,"Crotalus triseriatus",-98.716256,19.413552,2020,"HUMAN_OBSERVATION",132,"2020-06-20T09:56:21","COORDINATE_ROUNDED;GEODETIC_DATUM_ASSUMED_WGS84;INSTITUTION_MATCH_NONE;COLLECTION_MATCH_NONE"
557,"Crotalus triseriatus",-98.711111,19.35,1981,"PRESERVED_SPECIMEN",,"1981-07-12T00:00:00","COORDINATE_ROUNDED;GEODETIC_DATUM_ASSUMED_WGS84;TYPE_STATUS_INVALID;OCCURRENCE_STATUS_INFERRED_FROM_INDIVIDUAL_COUNT;AMBIGUOUS_COLLECTION;DIFFERENT_OWNER_INSTITUTION"
563,"Crotalus triseriatus",-98.708333,19.33,,"UNKNOWN",,"","COORDINATE_ROUNDED;GEODETIC_DATUM_ASSUMED_WGS84;RECORDED_DATE_INVALID;TAXON_MATCH_HIGHERRANK;TYPE_STATUS_INVALID;OCCURRENCE_STATUS_INFERRED_FROM_INDIVIDUAL_COUNT;INSTITUTION_MATCH_NONE;COLLECTION_MATCH_NONE"
565,"Crotalus triseriatus",-98.708056,19.337222,1968,"PRESERVED_SPECIMEN",,"1968-09-20T00:00:00","COORDINATE_ROUNDED;GEODETIC_DATUM_ASSUMED_WGS84;ELEVATION_MIN_MAX_SWAPPED;TYPE_STATUS_INVALID;OCCURRENCE_STATUS_INFERRED_FROM_INDIVIDUAL_COUNT;INSTITUTION_COLLECTION_MISMATCH;DIFFERENT_OWNER_INSTITUTION"
577,"Crotalus triseriatus",-98.701172,19.207428,2012,"HUMAN_OBSERVATION",,"2012-11-24T00:00:00","GEODETIC_DATUM_ASSUMED_WGS84;INSTITUTION_MATCH_NONE;COLLECTION_MATCH_NONE"
578,"Crotalus triseriatus",-98.699982,19.012315,2015,"HUMAN_OBSERVATION",10000,"2015-04-22T00:00:00","COORDINATE_ROUNDED;GEODETIC_DATUM_ASSUMED_WGS84;INSTITUTION_MATCH_NONE;COLLECTION_MATCH_NONE"
579,"Crotalus triseriatus",-98.694862,19.057139,2017,"HUMAN_OBSERVATION",77,"2017-06-22T00:00:00","GEODETIC_DATUM_ASSUMED_WGS84;INSTITUTION_MATCH_NONE;COLLECTION_MATCH_NONE"
580,"Crotalus triseriatus",-98.682625,19.226305,2009,"HUMAN_OBSERVATION",30580,"2009-11-11T00:00:00","COORDINATE_ROUNDED;GEODETIC_DATUM_ASSUMED_WGS84;INSTITUTION_MATCH_NONE;COLLECTION_MATCH_NONE"
581,"Crotalus triseriatus",-98.676667,19.002222,,"UNKNOWN",,"","COORDINATE_ROUNDED;GEODETIC_DATUM_ASSUMED_WGS84;RECORDED_DATE_INVALID;TAXON_MATCH_HIGHERRANK;ELEVATION_MIN_MAX_SWAPPED;TYPE_STATUS_INVALID;OCCURRENCE_STATUS_INFERRED_FROM_INDIVIDUAL_COUNT;INSTITUTION_MATCH_NONE;COLLECTION_MATCH_NONE"
582,"Crotalus triseriatus",-98.675,20.675,,"PRESERVED_SPECIMEN",,"","GEODETIC_DATUM_ASSUMED_WGS84;RECORDED_DATE_UNLIKELY;TAXON_MATCH_HIGHERRANK;TYPE_STATUS_INVALID;OCCURRENCE_STATUS_INFERRED_FROM_INDIVIDUAL_COUNT;AMBIGUOUS_COLLECTION;INSTITUTION_MATCH_FUZZY"
583,"Crotalus triseriatus",-98.673931,19.288072,2003,"HUMAN_OBSERVATION",,"2003-02-07T00:00:00","GEODETIC_DATUM_ASSUMED_WGS84;INSTITUTION_MATCH_NONE;COLLECTION_MATCH_NONE"
584,"Crotalus triseriatus",-98.672222,19.083333,,"UNKNOWN",,"","COORDINATE_ROUNDED;GEODETIC_DATUM_ASSUMED_WGS84;RECORDED_DATE_INVALID;TAXON_MATCH_HIGHERRANK;ELEVATION_MIN_MAX_SWAPPED;TYPE_STATUS_INVALID;OCCURRENCE_STATUS_INFERRED_FROM_INDIVIDUAL_COUNT;INSTITUTION_MATCH_NONE;COLLECTION_MATCH_NONE"
585,"Crotalus triseriatus",-98.670556,19.2825,,"UNKNOWN",,"","COORDINATE_ROUNDED;GEODETIC_DATUM_ASSUMED_WGS84;RECORDED_DATE_INVALID;TAXON_MATCH_HIGHERRANK;TYPE_STATUS_INVALID;OCCURRENCE_STATUS_INFERRED_FROM_INDIVIDUAL_COUNT;INSTITUTION_MATCH_NONE;COLLECTION_MATCH_NONE"
586,"Crotalus triseriatus",-98.670278,19.351667,1974,"PRESERVED_SPECIMEN",,"1974-10-05T00:00:00","COORDINATE_ROUNDED;GEODETIC_DATUM_ASSUMED_WGS84;TAXON_MATCH_HIGHERRANK;ELEVATION_MIN_MAX_SWAPPED;TYPE_STATUS_INVALID;OCCURRENCE_STATUS_INFERRED_FROM_INDIVIDUAL_COUNT;AMBIGUOUS_COLLECTION;INSTITUTION_MATCH_FUZZY"
590,"Crotalus triseriatus",-98.66009215,19.35062307,1966,"PRESERVED_SPECIMEN",,"1966-08-19T00:00:00","COORDINATE_REPROJECTED;INSTITUTION_MATCH_FUZZY;COLLECTION_MATCH_FUZZY"
591,"Crotalus triseriatus",-98.658333,19.091667,,"PRESERVED_SPECIMEN",,"","COORDINATE_ROUNDED;GEODETIC_DATUM_ASSUMED_WGS84;RECORDED_DATE_INVALID;TYPE_STATUS_INVALID;OCCURRENCE_STATUS_INFERRED_FROM_INDIVIDUAL_COUNT;INSTITUTION_MATCH_NONE;COLLECTION_MATCH_NONE"
592,"Crotalus triseriatus",-98.65591,19.130313,2003,"HUMAN_OBSERVATION",15,"2003-03-28T00:00:00","GEODETIC_DATUM_ASSUMED_WGS84;INSTITUTION_MATCH_NONE;COLLECTION_MATCH_NONE"
593,"Crotalus triseriatus",-98.654503,19.128401,1969,"PRESERVED_SPECIMEN",,"1969-02-05T00:00:00","COORDINATE_ROUNDED;ELEVATION_MIN_MAX_SWAPPED;TYPE_STATUS_INVALID;OCCURRENCE_STATUS_INFERRED_FROM_INDIVIDUAL_COUNT;INSTITUTION_COLLECTION_MISMATCH;DIFFERENT_OWNER_INSTITUTION"
594,"Crotalus triseriatus",-98.653335,20.17639,1982,"PRESERVED_SPECIMEN",,"1982-03-21T00:00:00","COORDINATE_ROUNDED;ELEVATION_MIN_MAX_SWAPPED;TYPE_STATUS_INVALID;OCCURRENCE_STATUS_INFERRED_FROM_INDIVIDUAL_COUNT;INSTITUTION_COLLECTION_MISMATCH;DIFFERENT_OWNER_INSTITUTION"
595,"Crotalus triseriatus",-98.650199,19.097433,2017,"HUMAN_OBSERVATION",1073,"2017-07-12T13:07:15","COORDINATE_ROUNDED;GEODETIC_DATUM_ASSUMED_WGS84;INSTITUTION_MATCH_NONE;COLLECTION_MATCH_NONE"
596,"Crotalus triseriatus",-98.6500912,19.14063295,1969,"PRESERVED_SPECIMEN",,"1969-12-30T00:00:00","COORDINATE_REPROJECTED;TAXON_MATCH_HIGHERRANK;OCCURRENCE_STATUS_INFERRED_FROM_INDIVIDUAL_COUNT;INSTITUTION_COLLECTION_MISMATCH;DIFFERENT_OWNER_INSTITUTION"
597,"Crotalus triseriatus",-98.65,19.123889,,"UNKNOWN",,"","COORDINATE_ROUNDED;GEODETIC_DATUM_ASSUMED_WGS84;RECORDED_DATE_INVALID;TAXON_MATCH_HIGHERRANK;ELEVATION_MIN_MAX_SWAPPED;TYPE_STATUS_INVALID;OCCURRENCE_STATUS_INFERRED_FROM_INDIVIDUAL_COUNT;INSTITUTION_MATCH_NONE;COLLECTION_MATCH_NONE"
598,"Crotalus triseriatus",-98.648398,19.082843,2003,"HUMAN_OBSERVATION",3,"2003-06-05T00:00:00","GEODETIC_DATUM_ASSUMED_WGS84;INSTITUTION_MATCH_NONE;COLLECTION_MATCH_NONE"
599,"Crotalus triseriatus",-98.64789,19.163433,2019,"HUMAN_OBSERVATION",1301,"2019-12-05T13:53:33","COORDINATE_ROUNDED;GEODETIC_DATUM_ASSUMED_WGS84;INSTITUTION_MATCH_NONE;COLLECTION_MATCH_NONE"
600,"Crotalus triseriatus",-98.646942,19.0867,1996,"HUMAN_OBSERVATION",,"1996-09-28T14:31:00","COORDINATE_ROUNDED;GEODETIC_DATUM_ASSUMED_WGS84;INSTITUTION_MATCH_NONE;COLLECTION_MATCH_NONE"
606,"Crotalus triseriatus",-98.641766,19.33243,2015,"HUMAN_OBSERVATION",,"2015-10-07T00:00:00","GEODETIC_DATUM_ASSUMED_WGS84;INSTITUTION_MATCH_NONE;COLLECTION_MATCH_NONE"
607,"Crotalus triseriatus",-98.641667,19.108333,,"PRESERVED_SPECIMEN",,"","COORDINATE_ROUNDED;GEODETIC_DATUM_ASSUMED_WGS84;RECORDED_DATE_INVALID;TAXON_MATCH_HIGHERRANK;ELEVATION_MIN_MAX_SWAPPED;TYPE_STATUS_INVALID;OCCURRENCE_STATUS_INFERRED_FROM_INDIVIDUAL_COUNT;INSTITUTION_MATCH_FUZZY;COLLECTION_MATCH_FUZZY"
608,"Crotalus triseriatus",-98.64,20.18,1975,"PRESERVED_SPECIMEN",,"1975-08-17T00:00:00","GEODETIC_DATUM_ASSUMED_WGS84;TAXON_MATCH_HIGHERRANK;ELEVATION_MIN_MAX_SWAPPED;TYPE_STATUS_INVALID;OCCURRENCE_STATUS_INFERRED_FROM_INDIVIDUAL_COUNT;COLLECTION_MATCH_NONE;DIFFERENT_OWNER_INSTITUTION"
609,"Crotalus triseriatus",-98.638333,19.125,,"UNKNOWN",,"","COORDINATE_ROUNDED;GEODETIC_DATUM_ASSUMED_WGS84;RECORDED_DATE_INVALID;TAXON_MATCH_HIGHERRANK;ELEVATION_MIN_MAX_SWAPPED;TYPE_STATUS_INVALID;OCCURRENCE_STATUS_INFERRED_FROM_INDIVIDUAL_COUNT;INSTITUTION_MATCH_NONE;COLLECTION_MATCH_NONE"
610,"Crotalus triseriatus",-98.635867,19.08423,2005,"HUMAN_OBSERVATION",7,"2005-05-23T00:00:00","GEODETIC_DATUM_ASSUMED_WGS84;INSTITUTION_MATCH_NONE;COLLECTION_MATCH_NONE"
611,"Crotalus triseriatus",-98.633333,19.09,1988,"PRESERVED_SPECIMEN",,"1988-06-22T00:00:00","COORDINATE_ROUNDED;GEODETIC_DATUM_ASSUMED_WGS84;ELEVATION_MIN_MAX_SWAPPED;TYPE_STATUS_INVALID;OCCURRENCE_STATUS_INFERRED_FROM_INDIVIDUAL_COUNT;INSTITUTION_COLLECTION_MISMATCH;DIFFERENT_OWNER_INSTITUTION"
613,"Crotalus triseriatus",-98.621944,19.022778,1940,"PRESERVED_SPECIMEN",5500,"1940-05-04T00:00:00","COORDINATE_ROUNDED;GEODETIC_DATUM_INVALID;GEODETIC_DATUM_ASSUMED_WGS84;OCCURRENCE_STATUS_INFERRED_FROM_INDIVIDUAL_COUNT;COLLECTION_MATCH_NONE;INSTITUTION_MATCH_FUZZY"
614,"Crotalus triseriatus",-98.61296,19.102221,2017,"HUMAN_OBSERVATION",153,"2017-06-15T00:00:00","COORDINATE_ROUNDED;GEODETIC_DATUM_ASSUMED_WGS84;INSTITUTION_MATCH_NONE;COLLECTION_MATCH_NONE"
615,"Crotalus triseriatus",-98.612151,19.084972,2019,"HUMAN_OBSERVATION",100,"2019-03-05T12:07:00","GEODETIC_DATUM_ASSUMED_WGS84;INSTITUTION_MATCH_NONE;COLLECTION_MATCH_NONE"
617,"Crotalus triseriatus",-98.575,20.225,,"PRESERVED_SPECIMEN",,"","GEODETIC_DATUM_ASSUMED_WGS84;RECORDED_DATE_INVALID;TYPE_STATUS_INVALID;OCCURRENCE_STATUS_INFERRED_FROM_INDIVIDUAL_COUNT;AMBIGUOUS_COLLECTION;INSTITUTION_MATCH_NONE"
618,"Crotalus triseriatus",-98.56675992,20.21725017,1913,"PRESERVED_SPECIMEN",,"1913-01-01T00:00:00","COORDINATE_ROUNDED;COORDINATE_REPROJECTED;OCCURRENCE_STATUS_INFERRED_FROM_INDIVIDUAL_COUNT;INSTITUTION_COLLECTION_MISMATCH;DIFFERENT_OWNER_INSTITUTION"
619,"Crotalus triseriatus",-98.562103,19.172001,1972,"PRESERVED_SPECIMEN",,"1972-10-15T00:00:00","COORDINATE_ROUNDED;ELEVATION_MIN_MAX_SWAPPED;TYPE_STATUS_INVALID;OCCURRENCE_STATUS_INFERRED_FROM_INDIVIDUAL_COUNT;INSTITUTION_COLLECTION_MISMATCH;DIFFERENT_OWNER_INSTITUTION"
620,"Crotalus triseriatus",-98.534202,19.3533,1972,"PRESERVED_SPECIMEN",,"1972-09-28T00:00:00","COORDINATE_ROUNDED;ELEVATION_MIN_MAX_SWAPPED;TYPE_STATUS_INVALID;OCCURRENCE_STATUS_INFERRED_FROM_INDIVIDUAL_COUNT;INSTITUTION_COLLECTION_MISMATCH;DIFFERENT_OWNER_INSTITUTION"
621,"Crotalus triseriatus",-98.469704,19.283899,1978,"PRESERVED_SPECIMEN",,"1978-04-22T00:00:00","COORDINATE_ROUNDED;ELEVATION_MIN_MAX_SWAPPED;TYPE_STATUS_INVALID;OCCURRENCE_STATUS_INFERRED_FROM_INDIVIDUAL_COUNT;INSTITUTION_COLLECTION_MISMATCH;DIFFERENT_OWNER_INSTITUTION"
622,"Crotalus triseriatus",-98.442299,19.077299,1989,"PRESERVED_SPECIMEN",,"1989-05-05T00:00:00","COORDINATE_ROUNDED;ELEVATION_MIN_MAX_SWAPPED;TYPE_STATUS_INVALID;OCCURRENCE_STATUS_INFERRED_FROM_INDIVIDUAL_COUNT;INSTITUTION_COLLECTION_MISMATCH;DIFFERENT_OWNER_INSTITUTION"
623,"Crotalus triseriatus",-98.382795,19.893756,2016,"HUMAN_OBSERVATION",30527,"2016-05-30T11:39:00","COORDINATE_ROUNDED;GEODETIC_DATUM_ASSUMED_WGS84;INSTITUTION_MATCH_NONE;COLLECTION_MATCH_NONE"
624,"Crotalus triseriatus",-98.34008407,19.20063107,1955,"PRESERVED_SPECIMEN",,"1955-09-03T00:00:00","COORDINATE_REPROJECTED;TAXON_MATCH_HIGHERRANK;AMBIGUOUS_INSTITUTION;AMBIGUOUS_COLLECTION"
625,"Crotalus triseriatus",-98.196392,20.067817,2018,"HUMAN_OBSERVATION",356,"2018-08-14T00:00:00","GEODETIC_DATUM_ASSUMED_WGS84;INSTITUTION_MATCH_NONE;COLLECTION_MATCH_NONE"
626,"Crotalus triseriatus",-98.171883,19.93013,2017,"HUMAN_OBSERVATION",,"2017-09-22T10:05:00","COORDINATE_ROUNDED;GEODETIC_DATUM_ASSUMED_WGS84;INSTITUTION_MATCH_NONE;COLLECTION_MATCH_NONE"
627,"Crotalus triseriatus",-98.145998,19.944225,2014,"HUMAN_OBSERVATION",31,"2014-04-01T13:34:00","COORDINATE_ROUNDED;GEODETIC_DATUM_ASSUMED_WGS84;INSTITUTION_MATCH_NONE;COLLECTION_MATCH_NONE"
628,"Crotalus triseriatus",-98.144109,19.946464,2016,"HUMAN_OBSERVATION",125,"2016-08-31T16:16:00","COORDINATE_ROUNDED;GEODETIC_DATUM_ASSUMED_WGS84;INSTITUTION_MATCH_NONE;COLLECTION_MATCH_NONE"
629,"Crotalus triseriatus",-98.128487,19.943639,2019,"HUMAN_OBSERVATION",245,"2019-09-20T15:05:00","GEODETIC_DATUM_ASSUMED_WGS84;INSTITUTION_MATCH_NONE;COLLECTION_MATCH_NONE"
630,"Crotalus triseriatus",-98.108333,20.125,1985,"PRESERVED_SPECIMEN",,"1985-06-07T00:00:00","COORDINATE_ROUNDED;GEODETIC_DATUM_ASSUMED_WGS84;TAXON_MATCH_HIGHERRANK;TYPE_STATUS_INVALID;OCCURRENCE_STATUS_INFERRED_FROM_INDIVIDUAL_COUNT;INSTITUTION_MATCH_NONE;COLLECTION_MATCH_NONE"
631,"Crotalus triseriatus",-98.085453,19.697646,2020,"HUMAN_OBSERVATION",,"2020-09-11T10:05:00","COORDINATE_ROUNDED;GEODETIC_DATUM_ASSUMED_WGS84;INSTITUTION_MATCH_NONE;COLLECTION_MATCH_NONE"
632,"Crotalus triseriatus",-98.081174,19.978189,2016,"HUMAN_OBSERVATION",,"2016-03-15T00:00:00","GEODETIC_DATUM_ASSUMED_WGS84;INSTITUTION_MATCH_NONE;COLLECTION_MATCH_NONE"
633,"Crotalus triseriatus",-98.080514,19.704495,2018,"HUMAN_OBSERVATION",206,"2018-04-27T15:53:00","COORDINATE_ROUNDED;GEODETIC_DATUM_ASSUMED_WGS84;INSTITUTION_MATCH_NONE;COLLECTION_MATCH_NONE"
634,"Crotalus triseriatus",-98.077354,19.845196,2017,"HUMAN_OBSERVATION",488,"2017-05-25T17:38:00","COORDINATE_ROUNDED;GEODETIC_DATUM_ASSUMED_WGS84;INSTITUTION_MATCH_NONE;COLLECTION_MATCH_NONE"
635,"Crotalus triseriatus",-98.055347,20.025951,2015,"HUMAN_OBSERVATION",1835,"2015-12-16T11:15:51","COORDINATE_ROUNDED;GEODETIC_DATUM_ASSUMED_WGS84;INSTITUTION_MATCH_NONE;COLLECTION_MATCH_NONE"
636,"Crotalus triseriatus",-98.051945,20.03035,2018,"HUMAN_OBSERVATION",5,"2018-10-14T13:16:00","GEODETIC_DATUM_ASSUMED_WGS84;INSTITUTION_MATCH_NONE;COLLECTION_MATCH_NONE"
637,"Crotalus triseriatus",-98.045314,19.966254,2020,"HUMAN_OBSERVATION",136,"2020-08-05T11:00:00","COORDINATE_ROUNDED;GEODETIC_DATUM_ASSUMED_WGS84;INSTITUTION_MATCH_NONE;COLLECTION_MATCH_NONE"
639,"Crotalus triseriatus",-98.043981,20.03111,2018,"HUMAN_OBSERVATION",10,"2018-10-20T09:13:00","COORDINATE_ROUNDED;GEODETIC_DATUM_ASSUMED_WGS84;INSTITUTION_MATCH_NONE;COLLECTION_MATCH_NONE"
640,"Crotalus triseriatus",-98.03703,19.180223,2009,"HUMAN_OBSERVATION",,"2009-06-14T00:00:00","GEODETIC_DATUM_ASSUMED_WGS84;INSTITUTION_MATCH_NONE;COLLECTION_MATCH_NONE"
641,"Crotalus triseriatus",-98.035749,20.02202,2018,"HUMAN_OBSERVATION",5,"2018-07-30T13:53:00","COORDINATE_ROUNDED;GEODETIC_DATUM_ASSUMED_WGS84;INSTITUTION_MATCH_NONE;COLLECTION_MATCH_NONE"
642,"Crotalus triseriatus",-97.670524,19.59757,2017,"HUMAN_OBSERVATION",258,"2017-07-09T15:47:49","COORDINATE_ROUNDED;GEODETIC_DATUM_ASSUMED_WGS84;INSTITUTION_MATCH_NONE;COLLECTION_MATCH_NONE"
643,"Crotalus triseriatus",-97.513972,19.723306,2005,"PRESERVED_SPECIMEN",,"2005-10-28T00:00:00","COORDINATE_ROUNDED;ELEVATION_MIN_MAX_SWAPPED;TYPE_STATUS_INVALID;OCCURRENCE_STATUS_INFERRED_FROM_INDIVIDUAL_COUNT;INSTITUTION_MATCH_NONE;COLLECTION_MATCH_NONE"
644,"Crotalus triseriatus",-97.481169,19.717248,2018,"HUMAN_OBSERVATION",516,"2018-04-28T09:00:00","COORDINATE_ROUNDED;GEODETIC_DATUM_ASSUMED_WGS84;INSTITUTION_MATCH_NONE;COLLECTION_MATCH_NONE"
645,"Crotalus triseriatus",-97.471476,19.70749,2019,"HUMAN_OBSERVATION",4,"2019-08-01T12:26:44","COORDINATE_ROUNDED;GEODETIC_DATUM_ASSUMED_WGS84;INSTITUTION_MATCH_NONE;COLLECTION_MATCH_NONE"
646,"Crotalus triseriatus",-97.415444,19.130222,2012,"HUMAN_OBSERVATION",,"2012-08-05T00:00:00","COORDINATE_ROUNDED;ELEVATION_MIN_MAX_SWAPPED;TYPE_STATUS_INVALID;OCCURRENCE_STATUS_INFERRED_FROM_INDIVIDUAL_COUNT;INSTITUTION_MATCH_NONE;COLLECTION_MATCH_NONE"
647,"Crotalus triseriatus",-97.375,19.825,1940,"PRESERVED_SPECIMEN",,"1940-06-24T00:00:00","GEODETIC_DATUM_ASSUMED_WGS84;TAXON_MATCH_HIGHERRANK;TYPE_STATUS_INVALID;OCCURRENCE_STATUS_INFERRED_FROM_INDIVIDUAL_COUNT;AMBIGUOUS_COLLECTION;INSTITUTION_MATCH_FUZZY"
649,"Crotalus triseriatus",-97.368833,19.091722,2012,"HUMAN_OBSERVATION",,"2012-08-05T00:00:00","COORDINATE_ROUNDED;ELEVATION_MIN_MAX_SWAPPED;TYPE_STATUS_INVALID;OCCURRENCE_STATUS_INFERRED_FROM_INDIVIDUAL_COUNT;INSTITUTION_MATCH_NONE;COLLECTION_MATCH_NONE"
650,"Crotalus triseriatus",-97.366501,18.802401,2015,"HUMAN_OBSERVATION",30615,"2015-11-14T23:58:16","COORDINATE_ROUNDED;GEODETIC_DATUM_ASSUMED_WGS84;INSTITUTION_MATCH_NONE;COLLECTION_MATCH_NONE"
651,"Crotalus triseriatus",-97.36028,19.81694,,"PRESERVED_SPECIMEN",3460,"","RECORDED_DATE_INVALID;TAXON_MATCH_HIGHERRANK;TYPE_STATUS_INVALID;OCCURRENCE_STATUS_INFERRED_FROM_INDIVIDUAL_COUNT;INSTITUTION_MATCH_NONE;COLLECTION_MATCH_FUZZY"
652,"Crotalus triseriatus",-97.358333,19.508333,,"PRESERVED_SPECIMEN",,"","COORDINATE_ROUNDED;GEODETIC_DATUM_ASSUMED_WGS84;RECORDED_DATE_INVALID;ELEVATION_MIN_MAX_SWAPPED;TYPE_STATUS_INVALID;OCCURRENCE_STATUS_INFERRED_FROM_INDIVIDUAL_COUNT;INSTITUTION_MATCH_NONE;COLLECTION_MATCH_NONE"
654,"Crotalus triseriatus",-97.3475,19.50194,1938,"PRESERVED_SPECIMEN",1010,"1938-07-29T00:00:00","TYPE_STATUS_INVALID;OCCURRENCE_STATUS_INFERRED_FROM_INDIVIDUAL_COUNT;AMBIGUOUS_COLLECTION;INSTITUTION_MATCH_FUZZY"
655,"Crotalus triseriatus",-97.341667,19.508333,1938,"PRESERVED_SPECIMEN",,"1938-01-01T00:00:00","COORDINATE_ROUNDED;GEODETIC_DATUM_ASSUMED_WGS84;RECORDED_DATE_INVALID;TAXON_MATCH_HIGHERRANK;ELEVATION_MIN_MAX_SWAPPED;TYPE_STATUS_INVALID;OCCURRENCE_STATUS_INFERRED_FROM_INDIVIDUAL_COUNT;AMBIGUOUS_COLLECTION;INSTITUTION_MATCH_FUZZY"
657,"Crotalus triseriatus",-97.341444,19.088833,2012,"HUMAN_OBSERVATION",,"2012-08-04T00:00:00","COORDINATE_ROUNDED;ELEVATION_MIN_MAX_SWAPPED;TYPE_STATUS_INVALID;OCCURRENCE_STATUS_INFERRED_FROM_INDIVIDUAL_COUNT;INSTITUTION_MATCH_NONE;COLLECTION_MATCH_NONE"
659,"Crotalus triseriatus",-97.336803,19.735487,2017,"HUMAN_OBSERVATION",747,"2017-08-02T15:57:57","COORDINATE_ROUNDED;GEODETIC_DATUM_ASSUMED_WGS84;INSTITUTION_MATCH_NONE;COLLECTION_MATCH_NONE"
660,"Crotalus triseriatus",-97.302153,18.994933,2017,"HUMAN_OBSERVATION",7,"2017-11-07T11:53:00","COORDINATE_ROUNDED;GEODETIC_DATUM_ASSUMED_WGS84;INSTITUTION_MATCH_NONE;COLLECTION_MATCH_NONE"
661,"Crotalus triseriatus",-97.283056,19.036389,1996,"PRESERVED_SPECIMEN",,"1996-12-14T00:00:00","COORDINATE_ROUNDED;GEODETIC_DATUM_ASSUMED_WGS84;ELEVATION_MIN_MAX_SWAPPED;TYPE_STATUS_INVALID;OCCURRENCE_STATUS_INFERRED_FROM_INDIVIDUAL_COUNT;COLLECTION_MATCH_NONE;DIFFERENT_OWNER_INSTITUTION"
662,"Crotalus triseriatus",-97.271806,19.00675,1964,"PRESERVED_SPECIMEN",,"1964-07-07T00:00:00","COORDINATE_ROUNDED;TAXON_MATCH_HIGHERRANK;AMBIGUOUS_INSTITUTION;AMBIGUOUS_COLLECTION"
663,"Crotalus triseriatus",-97.27,18.6,1972,"PRESERVED_SPECIMEN",,"1972-08-30T00:00:00","GEODETIC_DATUM_ASSUMED_WGS84;OCCURRENCE_STATUS_INFERRED_FROM_INDIVIDUAL_COUNT;COLLECTION_MATCH_NONE"
664,"Crotalus triseriatus",-97.258333,19.041667,1965,"PRESERVED_SPECIMEN",,"1965-01-01T00:00:00","COORDINATE_ROUNDED;GEODETIC_DATUM_ASSUMED_WGS84;RECORDED_DATE_INVALID;TAXON_MATCH_HIGHERRANK;ELEVATION_MIN_MAX_SWAPPED;TYPE_STATUS_INVALID;OCCURRENCE_STATUS_INFERRED_FROM_INDIVIDUAL_COUNT;AMBIGUOUS_INSTITUTION;COLLECTION_MATCH_NONE"
668,"Crotalus triseriatus",-97.250361,19.739944,2012,"HUMAN_OBSERVATION",,"2012-07-18T00:00:00","COORDINATE_ROUNDED;ELEVATION_MIN_MAX_SWAPPED;TYPE_STATUS_INVALID;OCCURRENCE_STATUS_INFERRED_FROM_INDIVIDUAL_COUNT;INSTITUTION_MATCH_NONE;COLLECTION_MATCH_NONE"
669,"Crotalus triseriatus",-97.249833,18.921194,1925,"PRESERVED_SPECIMEN",,"1925-11-01T00:00:00","COORDINATE_ROUNDED;TAXON_MATCH_HIGHERRANK;AMBIGUOUS_INSTITUTION;AMBIGUOUS_COLLECTION"
670,"Crotalus triseriatus",-97.243222,19.088806,1965,"PRESERVED_SPECIMEN",,"1965-07-18T00:00:00","COORDINATE_ROUNDED;TAXON_MATCH_HIGHERRANK;AMBIGUOUS_INSTITUTION;AMBIGUOUS_COLLECTION"
671,"Crotalus triseriatus",-97.24125,19.046139,1964,"PRESERVED_SPECIMEN",,"1964-07-16T00:00:00","COORDINATE_ROUNDED;TAXON_MATCH_HIGHERRANK;AMBIGUOUS_INSTITUTION;AMBIGUOUS_COLLECTION"
672,"Crotalus triseriatus",-97.23364,19.67813,2012,"PRESERVED_SPECIMEN",9,"2012-09-09T18:30:00","OCCURRENCE_STATUS_INFERRED_FROM_INDIVIDUAL_COUNT;COLLECTION_MATCH_NONE;INSTITUTION_MATCH_FUZZY"
673,"Crotalus triseriatus",-97.226389,19.044194,1965,"PRESERVED_SPECIMEN",,"1965-07-14T00:00:00","COORDINATE_ROUNDED;TAXON_MATCH_HIGHERRANK;AMBIGUOUS_INSTITUTION;AMBIGUOUS_COLLECTION"
674,"Crotalus triseriatus",-97.225,19.541667,,"PRESERVED_SPECIMEN",,"","COORDINATE_ROUNDED;GEODETIC_DATUM_ASSUMED_WGS84;RECORDED_DATE_INVALID;TAXON_MATCH_HIGHERRANK;TYPE_STATUS_INVALID;OCCURRENCE_STATUS_INFERRED_FROM_INDIVIDUAL_COUNT;COLLECTION_MATCH_FUZZY;DIFFERENT_OWNER_INSTITUTION"
675,"Crotalus triseriatus",-97.21088839,19.5289491,1949,"PRESERVED_SPECIMEN",,"1949-01-01T00:00:00","COORDINATE_REPROJECTED;COLLECTION_MATCH_FUZZY"
676,"Crotalus triseriatus",-97.192614,19.527656,2019,"HUMAN_OBSERVATION",132,"2019-11-06T12:11:40","COORDINATE_ROUNDED;GEODETIC_DATUM_ASSUMED_WGS84;INSTITUTION_MATCH_NONE;COLLECTION_MATCH_NONE"
677,"Crotalus triseriatus",-97.180444,19.528139,2012,"HUMAN_OBSERVATION",,"2012-09-27T00:00:00","COORDINATE_ROUNDED;ELEVATION_MIN_MAX_SWAPPED;TYPE_STATUS_INVALID;OCCURRENCE_STATUS_INFERRED_FROM_INDIVIDUAL_COUNT;INSTITUTION_MATCH_NONE;COLLECTION_MATCH_NONE"
678,"Crotalus triseriatus",-97.175,19.491667,1942,"PRESERVED_SPECIMEN",,"1942-01-01T00:00:00","COORDINATE_ROUNDED;GEODETIC_DATUM_ASSUMED_WGS84;RECORDED_DATE_INVALID;TAXON_MATCH_HIGHERRANK;ELEVATION_MIN_MAX_SWAPPED;TYPE_STATUS_INVALID;OCCURRENCE_STATUS_INFERRED_FROM_INDIVIDUAL_COUNT;INSTITUTION_MATCH_NONE;COLLECTION_MATCH_FUZZY"
679,"Crotalus triseriatus",-97.168007,19.681457,2006,"HUMAN_OBSERVATION",1886,"2006-10-03T00:00:00","COORDINATE_ROUNDED;GEODETIC_DATUM_ASSUMED_WGS84;INSTITUTION_MATCH_NONE;COLLECTION_MATCH_NONE"
680,"Crotalus triseriatus",-97.16787,19.448632,2015,"HUMAN_OBSERVATION",30554,"2015-02-26T00:00:00","COORDINATE_ROUNDED;GEODETIC_DATUM_ASSUMED_WGS84;INSTITUTION_MATCH_NONE;COLLECTION_MATCH_NONE"
681,"Crotalus triseriatus",-97.166702,19.0711,1988,"PRESERVED_SPECIMEN",,"1988-06-07T00:00:00","COORDINATE_ROUNDED;TYPE_STATUS_INVALID;OCCURRENCE_STATUS_INFERRED_FROM_INDIVIDUAL_COUNT;INSTITUTION_COLLECTION_MISMATCH;DIFFERENT_OWNER_INSTITUTION"
682,"Crotalus triseriatus",-97.164167,19.071389,1988,"PRESERVED_SPECIMEN",,"1988-01-01T00:00:00","COORDINATE_ROUNDED;GEODETIC_DATUM_ASSUMED_WGS84;RECORDED_DATE_INVALID;TAXON_MATCH_HIGHERRANK;ELEVATION_MIN_MAX_SWAPPED;TYPE_STATUS_INVALID;OCCURRENCE_STATUS_INFERRED_FROM_INDIVIDUAL_COUNT;INSTITUTION_MATCH_NONE;COLLECTION_MATCH_NONE"
683,"Crotalus triseriatus",-97.158333,18.875,1872,"PRESERVED_SPECIMEN",,"1872-04-11T00:00:00","COORDINATE_ROUNDED;GEODETIC_DATUM_ASSUMED_WGS84;TYPE_STATUS_INVALID;COLLECTION_MATCH_FUZZY;DIFFERENT_OWNER_INSTITUTION"
684,"Crotalus triseriatus",-97.150359,19.493543,2017,"HUMAN_OBSERVATION",7338,"2017-07-16T12:08:52","COORDINATE_ROUNDED;GEODETIC_DATUM_ASSUMED_WGS84;INSTITUTION_MATCH_NONE;COLLECTION_MATCH_NONE"
685,"Crotalus triseriatus",-97.15005731,19.64061408,1954,"PRESERVED_SPECIMEN",,"1954-07-01T00:00:00","COORDINATE_REPROJECTED;TAXON_MATCH_HIGHERRANK;OCCURRENCE_STATUS_INFERRED_FROM_INDIVIDUAL_COUNT;INSTITUTION_COLLECTION_MISMATCH;DIFFERENT_OWNER_INSTITUTION"
687,"Crotalus triseriatus",-97.14255689,19.56644755,,"PRESERVED_SPECIMEN",,"","COORDINATE_REPROJECTED;COLLECTION_MATCH_FUZZY"
689,"Crotalus triseriatus",-97.141667,19.508333,1949,"PRESERVED_SPECIMEN",,"1949-01-01T00:00:00","COORDINATE_ROUNDED;GEODETIC_DATUM_ASSUMED_WGS84;RECORDED_DATE_INVALID;TAXON_MATCH_HIGHERRANK;ELEVATION_MIN_MAX_SWAPPED;TYPE_STATUS_INVALID;OCCURRENCE_STATUS_INFERRED_FROM_INDIVIDUAL_COUNT;INSTITUTION_MATCH_FUZZY;COLLECTION_MATCH_FUZZY"
690,"Crotalus triseriatus",-97.134444,19.638056,1972,"PRESERVED_SPECIMEN",,"1972-01-01T00:00:00","COORDINATE_ROUNDED;GEODETIC_DATUM_ASSUMED_WGS84;RECORDED_DATE_INVALID;TAXON_MATCH_HIGHERRANK;TYPE_STATUS_INVALID;OCCURRENCE_STATUS_INFERRED_FROM_INDIVIDUAL_COUNT;AMBIGUOUS_INSTITUTION;COLLECTION_MATCH_NONE"
691,"Crotalus triseriatus",-97.130823,19.573092,2018,"HUMAN_OBSERVATION",66,"2018-09-30T11:39:59","COORDINATE_ROUNDED;GEODETIC_DATUM_ASSUMED_WGS84;INSTITUTION_MATCH_NONE;COLLECTION_MATCH_NONE"
692,"Crotalus triseriatus",-97.122695,19.508871,2020,"HUMAN_OBSERVATION",2796,"2020-10-18T12:13:00","COORDINATE_ROUNDED;GEODETIC_DATUM_ASSUMED_WGS84;INSTITUTION_MATCH_NONE;COLLECTION_MATCH_NONE"
693,"Crotalus triseriatus",-97.109697,19.625927,2018,"HUMAN_OBSERVATION",,"2018-09-30T18:40:00","COORDINATE_ROUNDED;GEODETIC_DATUM_ASSUMED_WGS84;INSTITUTION_MATCH_NONE;COLLECTION_MATCH_NONE"
694,"Crotalus triseriatus",-97.109444,19.636667,1948,"PRESERVED_SPECIMEN",,"1948-01-01T00:00:00","COORDINATE_ROUNDED;GEODETIC_DATUM_ASSUMED_WGS84;RECORDED_DATE_INVALID;TAXON_MATCH_HIGHERRANK;ELEVATION_MIN_MAX_SWAPPED;TYPE_STATUS_INVALID;OCCURRENCE_STATUS_INFERRED_FROM_INDIVIDUAL_COUNT;COLLECTION_MATCH_FUZZY;DIFFERENT_OWNER_INSTITUTION"
695,"Crotalus triseriatus",-97.108639,19.616806,2012,"HUMAN_OBSERVATION",,"2012-08-28T00:00:00","COORDINATE_ROUNDED;ELEVATION_MIN_MAX_SWAPPED;TYPE_STATUS_INVALID;OCCURRENCE_STATUS_INFERRED_FROM_INDIVIDUAL_COUNT;INSTITUTION_MATCH_NONE;COLLECTION_MATCH_NONE"
698,"Crotalus triseriatus",-97.1,19.636667,1948,"PRESERVED_SPECIMEN",,"1948-01-01T00:00:00","COORDINATE_ROUNDED;GEODETIC_DATUM_ASSUMED_WGS84;RECORDED_DATE_INVALID;TAXON_MATCH_HIGHERRANK;ELEVATION_MIN_MAX_SWAPPED;TYPE_STATUS_INVALID;OCCURRENCE_STATUS_INFERRED_FROM_INDIVIDUAL_COUNT;COLLECTION_MATCH_FUZZY;DIFFERENT_OWNER_INSTITUTION"
699,"Crotalus triseriatus",-97.08955586,19.63728142,1948,"PRESERVED_SPECIMEN",,"1948-10-03T00:00:00","COORDINATE_ROUNDED;COORDINATE_REPROJECTED;COLLECTION_MATCH_FUZZY"
700,"Crotalus triseriatus",-97.08338876,19.65061382,1948,"PRESERVED_SPECIMEN",,"1948-10-15T00:00:00","COORDINATE_ROUNDED;COORDINATE_REPROJECTED;COLLECTION_MATCH_FUZZY"
701,"Crotalus triseriatus",-97.081001,19.636101,1970,"PRESERVED_SPECIMEN",,"1970-07-21T00:00:00","COORDINATE_ROUNDED;ELEVATION_MIN_MAX_SWAPPED;TYPE_STATUS_INVALID;OCCURRENCE_STATUS_INFERRED_FROM_INDIVIDUAL_COUNT;INSTITUTION_COLLECTION_MISMATCH;DIFFERENT_OWNER_INSTITUTION"
702,"Crotalus triseriatus",-97.075,19.375,1952,"PRESERVED_SPECIMEN",,"1952-01-01T00:00:00","GEODETIC_DATUM_ASSUMED_WGS84;RECORDED_DATE_INVALID;TAXON_MATCH_HIGHERRANK;TYPE_STATUS_INVALID;OCCURRENCE_STATUS_INFERRED_FROM_INDIVIDUAL_COUNT;AMBIGUOUS_COLLECTION;INSTITUTION_MATCH_FUZZY"
703,"Crotalus triseriatus",-97.075,19.425,,"PRESERVED_SPECIMEN",,"","GEODETIC_DATUM_ASSUMED_WGS84;RECORDED_DATE_INVALID;TYPE_STATUS_INVALID;OCCURRENCE_STATUS_INFERRED_FROM_INDIVIDUAL_COUNT;INSTITUTION_MATCH_NONE;COLLECTION_MATCH_FUZZY"
706,"Crotalus triseriatus",-97.041667,19.625,,"PRESERVED_SPECIMEN",,"","COORDINATE_ROUNDED;GEODETIC_DATUM_ASSUMED_WGS84;RECORDED_DATE_INVALID;TAXON_MATCH_HIGHERRANK;TYPE_STATUS_INVALID;OCCURRENCE_STATUS_INFERRED_FROM_INDIVIDUAL_COUNT;AMBIGUOUS_COLLECTION;INSTITUTION_MATCH_FUZZY"
707,"Crotalus triseriatus",-97.025994,19.007833,,"UNKNOWN",,"","COORDINATE_ROUNDED;GEODETIC_DATUM_INVALID;GEODETIC_DATUM_ASSUMED_WGS84;RECORDED_DATE_INVALID;TAXON_MATCH_HIGHERRANK;ELEVATION_MIN_MAX_SWAPPED;TYPE_STATUS_INVALID;OCCURRENCE_STATUS_INFERRED_FROM_INDIVIDUAL_COUNT;INSTITUTION_MATCH_NONE;COLLECTION_MATCH_NONE"
708,"Crotalus triseriatus",-97.024169,19.622377,2016,"HUMAN_OBSERVATION",1369,"2016-09-09T16:07:07","GEODETIC_DATUM_ASSUMED_WGS84;INSTITUTION_MATCH_NONE;COLLECTION_MATCH_NONE"
709,"Crotalus triseriatus",-96.977778,18.6675,1975,"PRESERVED_SPECIMEN",,"1975-08-01T00:00:00","COORDINATE_ROUNDED;GEODETIC_DATUM_ASSUMED_WGS84;RECORDED_DATE_INVALID;ELEVATION_MIN_MAX_SWAPPED;TYPE_STATUS_INVALID;OCCURRENCE_STATUS_INFERRED_FROM_INDIVIDUAL_COUNT;COLLECTION_MATCH_NONE;DIFFERENT_OWNER_INSTITUTION"
710,"Crotalus triseriatus",-96.956667,19.453333,1953,"PRESERVED_SPECIMEN",,"1953-01-01T00:00:00","COORDINATE_ROUNDED;GEODETIC_DATUM_ASSUMED_WGS84;RECORDED_DATE_INVALID;TAXON_MATCH_HIGHERRANK;ELEVATION_MIN_MAX_SWAPPED;TYPE_STATUS_INVALID;OCCURRENCE_STATUS_INFERRED_FROM_INDIVIDUAL_COUNT;COLLECTION_MATCH_NONE;DIFFERENT_OWNER_INSTITUTION"
711,"Crotalus triseriatus",-96.675,17.175,,"PRESERVED_SPECIMEN",,"","GEODETIC_DATUM_ASSUMED_WGS84;RECORDED_DATE_INVALID;TYPE_STATUS_INVALID;OCCURRENCE_STATUS_INFERRED_FROM_INDIVIDUAL_COUNT;INSTITUTION_MATCH_NONE;COLLECTION_MATCH_FUZZY"
712,"Crotalus triseriatus",-96.591667,18.808333,1903,"PRESERVED_SPECIMEN",,"1903-09-30T00:00:00","COORDINATE_ROUNDED;GEODETIC_DATUM_ASSUMED_WGS84;ELEVATION_MIN_MAX_SWAPPED;TYPE_STATUS_INVALID;COLLECTION_MATCH_FUZZY;DIFFERENT_OWNER_INSTITUTION"
714,"Crotalus triseriatus",-92.889944,15.44082839,1940,"PRESERVED_SPECIMEN",,"1940-10-01T00:00:00","COORDINATE_REPROJECTED;OCCURRENCE_STATUS_INFERRED_FROM_INDIVIDUAL_COUNT;COLLECTION_MATCH_NONE;INSTITUTION_MATCH_FUZZY"
